date,time,name,setup,buy_score,dist_high,recent_5m,consec_bull,race,mfe,mae,cur_hold_s,cur_pnl,cur_reason,mat_hold_s,mat_pnl,mat_reason
05-20,11:05,SK하이닉스,breakout,5.0,-0.512236767216847,0.3444316877152698,3,neither,1.4874141876430207,-1.9450800915331807,4.010859,0.0,E1_vp<100,4.010859,0.0,vp5ma_dead
05-20,11:19,SK하이닉스,breakout,5.0,0.0,0.4550625711035267,3,down,0.622876557191393,-2.944507361268403,4.07238,-0.05662514156285391,E1_vp<100,4.07238,-0.05662514156285391,vp5ma_dead
05-20,11:37,SK하이닉스,breakout,6.0,0.0,2.959953569355775,3,neither,0.16910935738444194,-1.9729425028184893,3.964178,0.16910935738444194,E1_vp<100,3.964178,0.16910935738444194,vp5ma_dead
05-20,13:07,SK하이닉스,pullback,5.0,-1.1817670230725943,0.34285714285714286,3,neither,0.17084282460136674,-0.7403189066059226,4.006182,0.0,E1_vp<100,1795.983777,-0.5125284738041003,eow
05-20,14:02,SK하이닉스,pullback,5.0,-1.5194147439504784,0.8064516129032258,3,neither,-0.05714285714285715,-0.9142857142857144,5.974968,-0.05714285714285715,E1_vp<100,1797.994401,-0.4,eow
05-20,14:39,SK하이닉스,pullback,5.5,-1.5756893640967922,0.5172413793103449,3,neither,0.34305317324185247,-0.8004574042309892,3.995992,0.0,E1_vp<100,1794.037303,0.05717552887364208,eow
05-20,15:00,SK하이닉스,pullback,6.5,-1.5756893640967922,0.11448196908986834,3,neither,0.628930817610063,-0.22870211549456831,24.028941,0.0,E3_vol_drain,1798.000168,-0.22870211549456831,eow
05-20,15:14,SK하이닉스,pullback,6.5,-1.2380416432189083,0.34305317324185247,3,neither,0.2849002849002849,-0.5698005698005698,27.968993,0.056980056980056974,E3_vol_drain,1797.95993,-0.5698005698005698,eow
05-20,09:01,대한전선,breakout,7.0,0.0,,0,down,0.5474452554744526,-6.569343065693431,23.970647,-1.2773722627737227,E4_bearish_candle,23.970647,-1.2773722627737227,bearish_candle
05-20,09:02,SK네트웍스,breakout,5.0,-0.9523809523809524,,0,up,5.649038461538462,-6.25,55.998463,1.8028846153846152,E3_vol_drain,171.948509,2.1634615384615383,trailing
05-20,10:33,삼화콘덴서,breakout,5.0,0.0,,0,down,1.3440860215053763,-4.166666666666666,417.881569,-2.0,stop_-2%,417.881569,-2.0,stop_-2%
05-20,10:43,삼화콘덴서,pullback,5.0,-1.0752688172043012,0.0,1,down,5.298913043478261,-3.125,128.069909,0.2717391304347826,E2_bearish_div,282.065907,-2.0,stop_-2%
05-20,10:56,삼화콘덴서,breakout,5.0,-0.801068090787717,2.200825309491059,3,up,7.267833109017497,-0.5383580080753702,3.897015,0.0,E3_vol_drain,305.959117,-0.13458950201884254,trailing
05-20,11:08,삼화콘덴서,breakout,6.0,0.0,1.891891891891892,3,up,5.702917771883289,-3.3156498673740056,46.102979,0.2652519893899204,E3_vol_drain,777.946195,3.7135278514588856,trailing
05-20,12:02,삼화콘덴서,none,6.0,-6.022584692597239,0.6720430107526881,2,neither,0.9345794392523363,-1.335113484646195,197.992556,-0.4005340453938585,E2_bearish_div,1799.991749,0.26702269692923897,eow
05-20,12:26,삼화콘덴서,none,5.0,-6.148055207026349,0.4026845637583893,2,neither,1.06951871657754,-0.9358288770053476,82.002241,0.4010695187165776,E3_vol_drain,405.999516,-0.9358288770053476,trailing
05-20,12:37,삼화콘덴서,pullback,5.0,-5.646173149309912,0.6693440428380187,3,neither,0.39893617021276595,-1.5957446808510638,1794.021171,-0.9308510638297872,eow,1794.021171,-0.9308510638297872,eow
05-20,13:09,삼화콘덴서,none,6.0,-6.148055207026349,0.9446693657219973,4,neither,0.4010695187165776,-1.3368983957219251,343.934017,-0.4010695187165776,E2_bearish_div,1797.934701,-0.4010695187165776,eow
05-20,13:22,삼화콘덴서,none,5.0,-6.900878293601004,-0.13458950201884254,2,neither,1.2129380053908356,-0.40431266846361186,13.982446,0.5390835579514826,E2_bearish_div,1505.952054,-0.40431266846361186,trailing
05-20,13:48,삼화콘덴서,none,5.0,-7.026348808030113,-0.13477088948787064,4,neither,0.5398110661268556,-1.484480431848853,7.999992,0.4048582995951417,E2_bearish_div,1796.011086,-0.4048582995951417,eow
05-20,14:03,삼화콘덴서,none,8.0,-7.026348808030113,1.2295081967213115,3,up,2.834008097165992,-1.214574898785425,228.012701,-0.2699055330634278,E3_vol_drain,1796.040922,1.6194331983805668,eow
05-20,14:17,삼화콘덴서,none,6.0,-7.151819322459223,0.40705563093622793,3,up,2.9729729729729732,-0.6756756756756757,147.986842,0.13513513513513514,E2_bearish_div,1057.996578,1.3513513513513513,trailing
05-20,14:28,삼화콘덴서,none,6.0,-7.026348808030113,0.5427408412483039,3,up,4.723346828609987,0.1349527665317139,132.016061,2.0242914979757085,E2_bearish_div,416.005753,1.214574898785425,trailing
05-20,14:43,삼화콘덴서,pullback,5.0,-5.269761606022585,0.6666666666666667,3,up,6.357615894039735,-0.13245033112582782,124.033199,0.13245033112582782,E3_vol_drain,729.997036,1.0596026490066226,trailing
05-20,14:54,삼화콘덴서,pullback,5.0,-3.136762860727729,1.9815059445178336,3,up,4.015544041450777,-1.16580310880829,3.95212,0.38860103626943004,E2_bearish_div,851.957067,0.7772020725388601,trailing
05-20,15:04,삼화콘덴서,pullback,7.0,-1.8820577164366372,1.5584415584415585,3,up,2.6854219948849107,-0.639386189258312,81.951721,0.0,E3_vol_drain,245.955634,-0.5115089514066496,trailing
05-20,15:20,삼화콘덴서,pullback,5.0,-1.86799501867995,0.3821656050955414,2,neither,0.0,-0.25380710659898476,1796.031952,-0.25380710659898476,eow,1796.031952,-0.25380710659898476,eow
05-20,10:29,삼성전자,pullback,5.5,-2.3131672597864767,-0.3629764065335753,2,neither,1.639344262295082,-0.36429872495446264,4.007088,0.0,E2_bearish_div,1798.006944,1.639344262295082,eow
05-20,10:44,삼성전자,pullback,5.0,-2.224199288256228,0.0,2,up,2.2747952684258417,-0.27297543221110104,6.006008,0.0,E3_vol_drain,1755.998112,2.2747952684258417,target_prevhigh
05-20,10:58,삼성전자,breakout,6.0,-0.8896797153024912,0.5415162454873645,3,neither,1.3464991023339317,-0.17953321364452424,5.971395,-0.08976660682226212,E3_vol_drain,1011.971451,0.8976660682226212,bearish_candle
05-20,11:09,삼성전자,chase,5.0,-0.1779359430604982,0.35778175313059035,4,down,0.6238859180035651,-5.88235294117647,4.005529,0.0,E3_vol_drain,1285.97879,-2.0,stop_-2%
05-20,11:19,삼성전자,breakout,7.0,-0.1779359430604982,-0.1779359430604982,2,down,0.6238859180035651,-5.88235294117647,33.993662,0.17825311942959002,E3_vol_drain,679.921273,-2.0,stop_-2%
05-20,13:00,삼성전자,pullback,5.0,-4.517271922054915,0.5597014925373134,3,up,2.0408163265306123,0.0,6.040335,0.0,E1_vp<100,1799.95035,1.6697588126159555,eow
05-20,13:13,삼성전자,pullback,7.0,-3.188662533215235,0.3673094582185491,2,neither,0.6404391582799633,-0.8234217749313815,13.982616,0.09149130832570906,E3_vol_drain,1797.980817,-0.7319304666056725,eow
05-20,13:29,삼성전자,pullback,5.0,-3.100088573959256,-0.18248175182481752,2,neither,0.18281535648994515,-1.6453382084095063,3.999935,0.18281535648994515,E3_vol_drain,1799.999412,-1.2797074954296161,eow
05-20,14:39,삼성전자,pullback,5.0,-3.631532329495128,0.6475485661424607,3,neither,1.1029411764705883,-0.6433823529411764,5.99528,0.0,E3_vol_drain,1797.977618,0.7352941176470588,eow
05-20,14:51,삼성전자,pullback,5.0,-3.454384410983171,0.8325624421831638,2,neither,1.4678899082568808,-0.09174311926605505,40.00509,0.1834862385321101,E3_vol_drain,1798.052233,1.2844036697247707,eow
05-20,15:03,삼성전자,pullback,6.0,-2.745792736935341,0.18248175182481752,2,neither,0.7285974499089253,-0.7285974499089253,32.005893,0.18214936247723132,E3_vol_drain,1795.990741,0.546448087431694,eow
05-20,15:14,삼성전자,pullback,7.5,-2.745792736935341,0.18248175182481752,2,neither,0.7285974499089253,0.0,12.00868,0.18214936247723132,E3_vol_drain,1796.008552,0.546448087431694,eow
05-20,09:01,삼성전자우,breakout,7.0,0.0,,0,down,0.7146783947223749,-2.638812534359538,627.999924,-2.0,stop_-2%,627.999924,-2.0,stop_-2%
05-20,09:02,이수화학,breakout,7.0,0.0,,0,up,6.8181818181818175,-1.7424242424242427,235.987841,3.1818181818181817,E2_bearish_div,250.00514,1.893939393939394,trailing
05-20,09:18,이수화학,chase,6.0,-0.5102040816326531,3.3308099924299777,4,down,3.296703296703297,-6.886446886446887,58.110421,0.14652014652014653,E2_bearish_div,258.035444,0.07326007326007326,trailing
05-20,09:29,이수화학,chase,8.0,0.0,4.151223128243143,3,down,0.3558718861209964,-9.608540925266903,108.052508,-2.0,stop_-2%,108.052508,-2.0,stop_-2%
05-20,10:20,이수화학,pullback,5.5,-2.8368794326241136,1.6320474777448073,3,down,0.0,-4.014598540145985,4.008253,-0.21897810218978103,E1_vp<100,402.001616,-2.0,stop_-2%
05-20,10:50,이수화학,pullback,5.5,-3.900709219858156,2.3413897280966767,5,up,2.3616236162361623,-1.6974169741697416,4.005305,0.2952029520295203,E1_vp<100,1798.000085,1.992619926199262,eow
05-20,11:10,이수화학,pullback,5.5,-3.4751773049645394,1.2648809523809523,3,up,2.351212343864805,-1.9103600293901544,6.161797,0.0,E1_vp<100,1206.002845,0.7347538574577517,trailing
05-20,14:24,이수화학,chase,6.5,-0.07047216349541931,7.342922028766086,3,down,1.4809590973201692,-2.6798307475317347,33.997223,-0.6346967559943583,E3_vol_drain,689.99944,-0.4936530324400564,trailing
05-20,14:34,이수화학,chase,6.5,-0.06963788300835655,1.1988716502115657,4,down,0.2787456445993031,-3.8327526132404177,94.029665,-2.0,stop_-2%,94.029665,-2.0,stop_-2%
05-20,15:13,이수화학,pullback,6.5,-2.1542738012508686,2.102973168963017,4,neither,0.14204545454545456,-0.35511363636363635,16.067982,0.03551136363636364,E3_vol_drain,1796.000641,0.0,eow
05-20,09:01,이수페타시스,breakout,6.0,0.0,,0,up,5.390185036202736,-1.6894609814963797,118.048526,3.2180209171359615,E3_vol_drain,136.077386,3.2984714400643607,bearish_candle
05-20,09:26,이수페타시스,pullback,5.0,-3.6641221374045805,2.103559870550162,4,down,1.1885895404120443,-3.9619651347068143,4.0183,0.07923930269413629,E2_bearish_div,381.976219,-0.39619651347068147,trailing
05-20,11:16,이수페타시스,pullback,5.0,-4.885496183206107,1.3832384052074858,5,down,0.5617977528089888,-4.012841091492777,4.100952,0.08025682182985554,E1_vp<100,880.025448,-2.0,stop_-2%
05-20,11:06,삼성전기,chase,5.0,-0.5035246727089627,1.3333333333333335,4,down,1.417004048582996,-4.554655870445344,3.9878080000000002,0.10121457489878542,E3_vol_drain,1175.987781,-0.10121457489878542,trailing
05-20,11:19,삼성전기,breakout,5.0,-0.499001996007984,0.1004016064257028,2,down,0.4012036108324975,-5.516549648946841,297.995074,-0.4012036108324975,E3_vol_drain,629.990231,-2.0,stop_-2%
05-20,13:56,삼성전기,pullback,9.0,-1.3972055888223553,2.1716649431230612,3,up,11.133603238866396,-0.4048582995951417,12.007465,0.10121457489878542,E2_bearish_div,242.000882,1.417004048582996,target_prevhigh
05-20,14:08,삼성전기,pullback,5.5,-1.5444015444015444,-0.4878048780487805,2,up,8.333333333333332,-0.39215686274509803,55.957903,0.29411764705882354,E3_vol_drain,89.959117,1.5686274509803921,target_prevhigh
05-20,14:18,삼성전기,chase,6.5,0.0,2.4061597690086622,4,up,3.8533834586466162,-1.4097744360902256,3.987882,0.0,E2_bearish_div,228.027372,1.5977443609022555,trailing
05-20,14:29,삼성전기,breakout,6.5,-0.36429872495446264,1.4842300556586272,3,down,1.0054844606946984,-4.113345521023766,3.994115,0.04570383912248629,E3_vol_drain,98.012009,-0.5484460694698354,trailing
05-20,14:39,삼성전기,pullback,6.5,-2.0814479638009047,-0.8703618873110398,1,down,0.8317929759704251,-3.0499075785582255,260.004883,-2.0,stop_-2%,260.004883,-2.0,stop_-2%
05-20,14:58,삼성전기,pullback,5.5,-3.076923076923077,0.18709073900841908,3,neither,0.0,-1.3071895424836601,121.973771,-0.2801120448179272,E2_bearish_div,1799.974247,-0.3734827264239029,eow
05-20,15:08,삼성전기,pullback,5.5,-3.4389140271493215,0.09380863039399624,1,neither,0.18744142455482662,-0.5623242736644799,491.962104,-0.18744142455482662,E3_vol_drain,1799.977336,-0.5623242736644799,eow
05-20,15:18,삼성전기,pullback,5.5,-3.4389140271493215,0.0,2,neither,0.0,-0.5623242736644799,93.997516,0.0,E2_bearish_div,1799.997611,-0.5623242736644799,eow
05-20,09:37,대한광통신,chase,5.0,0.0,6.220095693779904,4,down,5.18018018018018,-2.4774774774774775,6.006489,0.22522522522522523,E1_vp<100,36.012655,0.22522522522522523,trailing
05-20,10:25,대한광통신,pullback,6.5,-1.7130620985010707,1.5486725663716814,4,up,8.932461873638346,-0.2178649237472767,23.978909,0.2178649237472767,E3_vol_drain,89.971643,1.7429193899782136,target_prevhigh
05-20,10:36,대한광통신,pullback,5.5,-3.8,-1.2320328542094456,3,up,2.494802494802495,-3.3264033264033266,3.977683,0.2079002079002079,E3_vol_drain,3.977683,0.2079002079002079,ma5_break
05-20,11:48,대한광통신,none,5.0,-7.199999999999999,3.111111111111111,4,down,1.0775862068965518,-3.2327586206896552,4.000888,0.21551724137931033,E1_vp<100,136.03212,-0.43103448275862066,trailing
05-20,12:24,대한광통신,none,5.0,-8.4,1.7777777777777777,4,neither,0.21834061135371177,-1.5283842794759825,4.051646,0.0,E1_vp<100,1796.002748,0.21834061135371177,eow
05-20,12:52,대한광통신,none,5.0,-8.799999999999999,0.21978021978021978,2,neither,1.9736842105263157,0.0,6.098907,0.21929824561403508,E1_vp<100,460.013287,0.43859649122807015,trailing
05-20,13:28,대한광통신,none,5.0,-7.199999999999999,1.0893246187363834,4,neither,0.8620689655172413,-1.7241379310344827,4.039732,0.21551724137931033,E1_vp<100,1799.999034,-1.293103448275862,eow
05-20,14:34,대한광통신,none,5.0,-8.200000000000001,1.1013215859030838,2,neither,0.2178649237472767,-1.0893246187363834,6.063136,0.0,E1_vp<100,1796.01494,0.0,eow
05-20,15:02,대한광통신,none,5.0,-8.0,0.43668122270742354,4,neither,0.21739130434782608,-0.8695652173913043,4.010094,0.0,E1_vp<100,1796.012286,-0.43478260869565216,eow
05-20,15:14,대한광통신,none,6.0,-8.200000000000001,0.6578947368421052,2,neither,0.4357298474945534,-0.2178649237472767,4.000654,0.0,E1_vp<100,1797.95993,-0.2178649237472767,eow
05-20,09:03,진원생명과학,none,5.0,-2.4691358024691357,,0,up,13.391072618254496,0.5329780146568954,5.913231,0.5329780146568954,E1_vp<100,69.925483,8.394403730846102,trailing
05-20,11:25,진원생명과학,none,5.5,-7.1680376028202115,4.983388704318937,4,down,1.89873417721519,-4.367088607594936,4.00775,-0.18987341772151897,E1_vp<100,76.040728,-2.0,stop_-2%
05-20,11:37,진원생명과학,none,5.0,-6.110458284371328,4.1042345276872965,4,down,0.7509386733416771,-3.629536921151439,4.03334,-0.688360450563204,E1_vp<100,111.98549,-2.0,stop_-2%
05-20,12:18,진원생명과학,pullback,5.0,-4.81786133960047,1.5037593984962405,4,down,1.6666666666666667,-4.2592592592592595,3.956326,0.1851851851851852,E1_vp<100,157.970725,0.06172839506172839,trailing
05-20,13:09,진원생명과학,pullback,5.0,-5.875440658049354,2.364217252396166,4,up,2.309612983770287,-1.6853932584269662,6.018679,0.0,E1_vp<100,1677.966558,-0.062421972534332085,trailing
05-20,13:34,진원생명과학,pullback,5.0,-5.229142185663925,1.8308080808080809,3,neither,1.611903285802852,-1.4259144451332921,3.978795,0.3099814011159331,E1_vp<100,203.978655,-0.7439553626782394,trailing
05-20,14:39,진원생명과학,pullback,5.0,-5.405405405405405,1.385390428211587,5,up,7.888198757763975,-0.5590062111801243,4.008763,0.062111801242236024,E1_vp<100,150.03003,-0.37267080745341613,trailing
05-20,14:49,진원생명과학,pullback,5.5,-2.2914218566392477,3.291925465838509,3,up,4.449789536981359,-2.285027059530968,6.000084,0.12026458208057728,E1_vp<100,100.002737,2.3451593505712567,target_prevhigh
05-20,10:09,현대모비스,breakout,7.0,0.0,1.1049723756906076,1,up,2.185792349726776,-2.3679417122040074,2.046322,0.0,E3_vol_drain,490.001619,0.18214936247723132,trailing
05-20,10:50,현대모비스,pullback,6.5,-2.4955436720142603,1.86219739292365,4,neither,0.7312614259597806,-0.9140767824497258,102.073754,0.0,E3_vol_drain,1796.00001,-0.18281535648994515,eow
05-20,13:01,현대모비스,pullback,7.0,-4.81283422459893,0.18761726078799248,2,neither,0.0,-1.3108614232209739,89.977214,-0.37453183520599254,E1_vp<100,1799.894023,-0.9363295880149813,eow
05-20,13:21,현대모비스,pullback,6.0,-5.525846702317291,-0.37593984962406013,1,neither,0.37735849056603776,-1.3207547169811322,32.077178,0.18867924528301888,E2_bearish_div,1795.997068,-1.1320754716981132,eow
05-20,14:01,현대모비스,none,5.0,-6.23885918003565,0.9596928982725527,2,neither,0.5703422053231939,-0.9505703422053232,16.010543,0.19011406844106463,E3_vol_drain,1794.009438,0.38022813688212925,eow
05-20,14:23,현대모비스,none,5.0,-6.23885918003565,0.7662835249042145,3,neither,1.1406844106463878,-0.19011406844106463,61.926469,0.0,E3_vol_drain,1797.940838,0.5703422053231939,eow
05-20,14:34,현대모비스,pullback,5.5,-5.525846702317291,0.5692599620493358,4,neither,0.5660377358490566,-0.9433962264150944,37.990178,0.0,E3_vol_drain,1794.058465,0.5660377358490566,eow
05-20,14:52,현대모비스,pullback,6.5,-5.704099821746881,0.3795066413662239,2,neither,1.7013232514177694,-0.1890359168241966,67.999526,0.0,E3_vol_drain,1796.034917,1.7013232514177694,eow
05-20,15:04,현대모비스,pullback,7.0,-4.81283422459893,0.5649717514124294,3,neither,0.7490636704119851,-0.7490636704119851,93.989776,-0.37453183520599254,E3_vol_drain,1798.007199,0.18726591760299627,eow
05-20,15:15,현대모비스,pullback,6.5,-4.45632798573975,0.5628517823639775,3,neither,0.3731343283582089,-0.18656716417910446,1798.001333,-0.18656716417910446,eow,1798.001333,-0.18656716417910446,eow
05-20,10:17,광전자,chase,5.0,-0.34423407917383825,5.850091407678245,4,up,7.512953367875648,-1.9861830742659756,24.049441,0.08635578583765112,E3_vol_drain,42.001675,-1.6407599309153715,trailing
05-20,09:01,한온시스템,breakout,7.0,-0.32537960954446854,,0,down,-0.1088139281828074,-5.223068552774755,256.101408,-2.0,stop_-2%,256.101408,-2.0,stop_-2%
05-20,09:04,메이슨캐피탈,pullback,5.0,-3.5398230088495577,,0,up,5.5045871559633035,-14.678899082568808,47.993416,3.9755351681957185,E2_bearish_div,9.986429,0.0,ma5_break
05-20,12:30,메이슨캐피탈,none,5.5,-8.695652173913043,10.915492957746478,2,down,3.1746031746031744,-9.523809523809524,4.003386,0.9523809523809524,E1_vp<100,20.000321,-0.6349206349206349,trailing
05-20,14:34,메이슨캐피탈,none,5.5,-11.594202898550725,11.72161172161172,5,up,5.245901639344262,-7.213114754098362,4.0381029999999996,0.0,E1_vp<100,242.022097,2.9508196721311477,trailing
05-20,09:01,주성엔지니어링,breakout,6.0,-0.32876712328767127,,0,up,16.547553600879606,-0.054975261132490384,59.993742,-0.054975261132490384,E3_vol_drain,51.999031,0.0,trailing
05-20,09:13,주성엔지니어링,pullback,5.0,-1.9895287958115182,0.6993006993006993,1,up,14.316239316239315,-1.655982905982906,9.997563,0.05341880341880342,E3_vol_drain,532.002656,2.1367521367521367,target_prevhigh
05-20,09:23,주성엔지니어링,chase,6.0,-0.36231884057971014,3.8855909336211547,4,up,11.168831168831169,-1.1428571428571428,25.973366,-0.4675324675324675,E2_bearish_div,372.022764,4.935064935064935,trailing
05-20,09:34,주성엔지니어링,pullback,5.5,-5.373831775700935,-1.2195121951219512,2,up,3.950617283950617,-4.54320987654321,4.069411,-0.24691358024691357,E3_vol_drain,4.069411,-0.24691358024691357,ma5_break
05-20,09:44,주성엔지니어링,pullback,7.0,-3.2710280373831773,0.7299270072992701,2,down,1.2077294685990339,-6.6183574879227045,38.001627,0.24154589371980675,E4_bearish_candle,228.004607,-0.7246376811594203,trailing
05-20,10:16,주성엔지니어링,none,5.0,-6.682242990654205,1.8877551020408163,3,up,2.6539809714571856,-4.757135703555333,191.99425,0.9013520280420632,E3_vol_drain,397.986864,0.9013520280420632,trailing
05-20,11:09,주성엔지니어링,none,5.0,-7.149532710280374,1.1710794297352343,4,down,0.25163563160543534,-5.988928032209361,3.983993,-0.10065425264217413,E1_vp<100,144.062741,-2.0,stop_-2%
05-20,12:28,주성엔지니어링,none,5.5,-10.233644859813085,0.6286013619696176,3,neither,1.8740239458615304,-0.7808433107756376,3.987497,0.10411244143675169,E1_vp<100,1798.022101,0.3643935450286309,trailing
05-20,09:35,한미반도체,pullback,5.0,-1.340033500837521,0.17006802721088435,3,down,0.1697792869269949,-2.886247877758913,26.004962,-0.6791171477079796,E3_vol_drain,177.956788,-2.0,stop_-2%
05-20,10:56,한미반도체,pullback,6.0,-1.340033500837521,0.6837606837606838,3,up,2.037351443123939,-0.1697792869269949,43.897038,0.1697792869269949,E3_vol_drain,737.897051,1.3582342954159592,target_prevhigh
05-20,13:38,한미반도체,pullback,5.0,-3.6605657237936775,0.34662045060658575,1,neither,0.0,-1.2089810017271159,1397.99622,-0.3454231433506045,E3_vol_drain,1794.022884,-0.8635578583765112,eow
05-20,13:51,한미반도체,pullback,5.0,-3.9933444259567388,0.34782608695652173,1,neither,0.17331022530329288,-0.8665511265164645,633.999855,0.0,E3_vol_drain,1794.015289,-0.34662045060658575,eow
05-20,10:26,우리로,chase,5.0,0.0,8.415841584158416,5,up,3.0821917808219177,-4.337899543378995,3.9981970000000002,0.228310502283105,E1_vp<100,197.998834,0.228310502283105,trailing
05-20,13:22,우리로,none,5.5,-8.637873754152823,1.8518518518518516,4,up,2.4242424242424243,-0.6060606060606061,4.000119,-0.12121212121212122,E1_vp<100,202.007324,0.36363636363636365,trailing
05-20,14:51,우리로,none,5.5,-9.080841638981173,0.4895960832313341,3,up,2.92326431181486,0.0,4.002028,0.0,E1_vp<100,876.008527,1.3398294762484775,trailing
05-20,09:01,대우건설,breakout,6.0,-0.36429872495446264,,0,down,1.2797074954296161,-5.850091407678245,105.976339,0.18281535648994515,E2_bearish_div,135.976432,-0.5484460694698354,trailing
05-20,13:20,한국첨단소재,pullback,5.0,-2.491103202846975,1.107011070110701,3,up,2.3722627737226274,-0.7299270072992701,4.029577,0.0,E1_vp<100,737.960703,0.7299270072992701,trailing
05-20,09:05,아이로보틱스,chase,5.0,0.0,14.34108527131783,4,up,9.265536723163843,-3.954802259887006,4.041157,-0.3389830508474576,E1_vp<100,207.997205,4.858757062146893,trailing
05-20,09:01,한성크린텍,breakout,7.5,0.0,,0,up,11.176470588235295,1.411764705882353,162.019942,5.176470588235294,E2_bearish_div,174.013685,3.5294117647058822,trailing
05-20,09:18,한성크린텍,pullback,5.0,-1.2208067940552019,5.022573363431151,3,down,1.5583019881783988,-5.480924234282644,25.998994,-2.0,stop_-2%,25.998994,-2.0,stop_-2%
05-20,09:01,오텍,breakout,7.0,-0.9673518742442563,,0,down,5.006105006105006,-5.372405372405373,21.967833,-0.4884004884004884,E3_vol_drain,21.967833,-0.4884004884004884,trailing
05-20,09:11,오텍,breakout,6.0,-0.12077294685990338,2.0987654320987654,3,up,3.990326481257558,-8.222490931076178,5.979562,0.9673518742442563,E3_vol_drain,160.019363,1.9347037484885126,trailing
05-20,09:45,오텍,none,5.0,-6.279069767441861,4.947916666666666,4,up,2.8535980148883375,-3.225806451612903,17.986939,0.37220843672456577,E3_vol_drain,117.998933,0.0,trailing
05-20,09:29,하나마이크론,breakout,7.0,0.0,2.9743589743589745,2,down,0.199203187250996,-6.872509960159362,4.020263,0.0,E2_bearish_div,38.003334,-0.199203187250996,bearish_candle
05-20,10:10,하나마이크론,pullback,5.0,-2.4353876739562623,3.0987394957983194,5,down,0.6113092205807438,-2.6999490575649516,3.979795,-0.05094243504839531,E1_vp<100,939.994467,-2.0,stop_-2%
05-20,10:56,하나마이크론,pullback,5.0,-2.3856858846918487,1.5511892450879008,4,neither,0.6109979633401221,-1.120162932790224,3.897015,0.10183299389002036,E1_vp<100,1043.897041,-0.7128309572301426,eow
05-20,09:51,빛과전자,breakout,6.0,0.0,,0,down,7.920792079207921,-2.8712871287128716,158.052121,-2.0,stop_-2%,158.052121,-2.0,stop_-2%
05-20,10:24,빛과전자,chase,5.0,-0.5504587155963303,4.230769230769231,4,up,8.118081180811808,-0.18450184501845018,28.0463,0.18450184501845018,E3_vol_drain,382.056493,6.088560885608856,trailing
05-20,10:36,빛과전자,pullback,5.0,-2.3890784982935154,0.7042253521126761,3,down,1.2237762237762237,-4.020979020979021,3.977683,0.0,E3_vol_drain,474.052985,-0.6993006993006993,trailing
05-20,12:46,빛과전자,none,5.0,-9.215017064846416,2.9013539651837523,4,down,-0.37593984962406013,-2.819548872180451,3.999594,-0.37593984962406013,E1_vp<100,298.025061,-2.0,stop_-2%
05-20,13:19,빛과전자,none,5.0,-8.532423208191126,1.7077798861480076,2,up,5.970149253731343,-0.18656716417910446,3.974936,0.18656716417910446,E1_vp<100,622.005681,4.291044776119403,trailing
05-20,09:01,제주반도체,breakout,7.0,0.0,,0,down,0.6,-7.3999999999999995,22.015219,-2.0,stop_-2%,22.015219,-2.0,stop_-2%
05-20,09:11,제주반도체,pullback,5.0,-1.6898608349900597,1.644398766700925,5,down,0.0,-6.370070778564206,11.979845,-0.3033367037411527,E2_bearish_div,131.983315,-2.0,stop_-2%
05-20,11:16,제주반도체,pullback,5.0,-4.075546719681909,3.2085561497326207,4,down,0.41450777202072536,-6.010362694300518,3.9641,0.0,E1_vp<100,583.964907,-2.0,stop_-2%
05-20,13:23,제주반도체,pullback,5.0,-4.3737574552683895,1.583949313621964,5,neither,0.31185031185031187,-1.1434511434511436,5.979955,0.2079002079002079,E1_vp<100,1799.98592,-0.10395010395010396,eow
05-20,12:43,MDS테크,chase,5.0,-0.38961038961038963,5.357142857142857,3,down,-0.1303780964797914,-6.127770534550195,4.025785,-0.3911342894393742,E1_vp<100,51.999904,-2.0,stop_-2%
05-20,13:22,머큐리,none,5.0,-12.049689440993788,1.1428571428571428,3,up,2.11864406779661,-1.4124293785310735,4.032195,0.0,E1_vp<100,737.952234,0.5649717514124294,trailing
05-20,09:46,그린생명과학,chase,5.0,0.0,3.815580286168521,3,down,0.9188361408882083,-4.747320061255743,39.989139,-2.0,stop_-2%,39.989139,-2.0,stop_-2%
05-20,10:03,그린생명과학,pullback,5.5,-1.3657056145675266,1.8808777429467085,2,down,0.6153846153846154,-6.923076923076923,324.135838,-2.0,stop_-2%,324.135838,-2.0,stop_-2%
05-20,11:30,그린생명과학,none,5.5,-7.283763277693475,1.6638935108153077,4,up,2.618657937806874,-1.800327332242226,6.064509,-0.16366612111292964,E1_vp<100,166.024994,0.0,trailing
05-20,09:01,녹십자엠에스,breakout,7.0,0.0,,0,up,24.206349206349206,-0.5952380952380952,151.998466,2.380952380952381,E2_bearish_div,169.971699,1.5873015873015872,trailing
05-20,09:12,녹십자엠에스,chase,5.0,0.0,6.088560885608856,4,down,8.869565217391303,-2.2608695652173916,4.017511,0.17391304347826086,E2_bearish_div,155.994811,-2.0,stop_-2%
05-20,09:42,녹십자엠에스,chase,5.0,-0.4784688995215311,6.484641638225256,4,down,1.1217948717948718,-2.564102564102564,19.876897,-0.16025641025641024,E3_vol_drain,55.977668,-2.0,stop_-2%
05-20,10:02,아이진,pullback,5.0,-1.342281879194631,-1.342281879194631,1,neither,1.3605442176870748,-0.45351473922902497,3.985637,0.22675736961451248,E1_vp<100,22.041455,1.3605442176870748,target_prevhigh
05-20,10:25,이노인스트루먼트,breakout,5.5,0.0,,0,up,13.819095477386934,-0.9547738693467337,37.98738,1.0050251256281406,E3_vol_drain,42.029497,0.4522613065326633,bearish_candle
05-20,10:44,이노인스트루먼트,chase,7.0,0.0,9.382716049382717,5,up,2.2573363431151243,-8.35214446952596,10.007916,-0.4514672686230248,E3_vol_drain,44.097399,0.2257336343115124,trailing
05-20,12:06,이노인스트루먼트,pullback,5.0,-3.532008830022075,2.823529411764706,1,down,0.0,-5.491990846681922,6.000008,0.0,E1_vp<100,174.007177,-2.0,stop_-2%
05-20,12:41,이노인스트루먼트,pullback,5.0,-5.077262693156733,3.117505995203837,4,up,3.0232558139534884,-1.1627906976744187,6.009021,-0.23255813953488372,E1_vp<100,287.984218,0.23255813953488372,trailing
05-20,13:10,이노인스트루먼트,pullback,5.0,-2.207505518763797,3.5046728971962615,4,up,2.2573363431151243,-0.6772009029345373,5.9872499999999995,0.0,E1_vp<100,539.968781,2.2573363431151243,target_prevhigh
05-20,09:16,수젠텍,chase,6.0,0.0,10.708898944193061,0,up,8.85558583106267,-2.043596730245232,147.978728,2.316076294277929,E2_bearish_div,168.023719,1.08991825613079,trailing
05-20,09:42,수젠텍,pullback,6.5,-1.8915510718789406,4.8517520215633425,4,up,3.984575835475578,-0.8997429305912596,321.938348,2.185089974293059,E2_bearish_div,67.941319,-0.2570694087403599,trailing
05-20,10:03,수젠텍,chase,6.5,0.0,3.594351732991014,4,down,0.24783147459727387,-7.187112763320942,39.976035,-0.8674101610904585,E3_vol_drain,339.97364,-2.0,stop_-2%
05-20,11:27,수젠텍,pullback,5.5,-5.315203955500618,1.1889035667107,2,up,4.960835509138381,-0.6527415143603132,5.999964,-0.26109660574412535,E1_vp<100,351.999991,0.13054830287206268,trailing
05-20,11:42,수젠텍,pullback,6.0,-1.1124845488257107,2.1711366538952745,3,down,0.25,-3.6249999999999996,38.089981,-0.5,E3_vol_drain,67.985866,-2.0,stop_-2%
05-20,13:25,수젠텍,pullback,5.0,-4.8207663782447465,2.257636122177955,3,up,3.2467532467532463,-1.2987012987012987,5.964272,-0.2597402597402597,E1_vp<100,683.959596,1.6883116883116882,trailing
05-20,14:48,수젠텍,pullback,5.0,-4.449938195302843,1.710526315789474,4,down,0.258732212160414,-2.1992238033635187,4.042317,-0.258732212160414,E1_vp<100,686.003239,-2.0,stop_-2%
05-20,13:04,이랜시스,pullback,5.0,-4.714640198511166,3.225806451612903,3,down,0.26041666666666663,-7.291666666666667,4.017963,0.0,E1_vp<100,190.022554,-2.0,stop_-2%
05-20,13:40,이랜시스,none,5.0,-9.429280397022332,2.3842917251051894,3,down,1.36986301369863,-2.054794520547945,3.997944,-0.136986301369863,E1_vp<100,847.99828,-2.0,stop_-2%
05-20,14:08,이랜시스,none,5.0,-8.6848635235732,1.3774104683195594,2,down,1.6304347826086956,-3.3967391304347823,6.016013,-0.5434782608695652,E1_vp<100,361.98703,0.0,trailing
05-20,09:01,소룩스,breakout,5.0,0.0,,0,up,4.025764895330113,-13.687600644122384,3.982034,-0.322061191626409,E1_vp<100,56.035878,2.0933977455716586,trailing
05-20,10:06,HD현대중공업,chase,7.0,-0.4746835443037975,1.615508885298869,4,neither,1.2718600953895072,-1.9077901430842605,1799.956125,-1.7488076311605723,eow,744.003885,-0.3179650238473768,trailing
05-20,12:01,HD현대중공업,pullback,5.0,-1.4128728414442702,-0.1589825119236884,2,neither,0.3184713375796179,-0.9554140127388535,75.973454,0.0,E3_vol_drain,1796.001389,0.0,eow
05-20,13:08,HD현대중공업,breakout,6.5,-0.3139717425431711,0.7936507936507936,3,neither,1.2598425196850394,-0.15748031496062992,1797.977013,0.47244094488188976,eow,1797.977013,0.47244094488188976,eow
05-20,13:54,HD현대중공업,breakout,8.5,-0.46656298600311047,0.47095761381475665,2,neither,0.0,-1.40625,392.010367,0.0,E2_bearish_div,1796.025493,-1.09375,eow
05-20,14:01,SK스퀘어,pullback,7.0,-2.761904761904762,0.6903353057199211,3,neither,0.4897159647404506,-1.0773751224289911,3.972749,0.0,E2_bearish_div,1795.972873,-0.1958863858961802,eow
05-20,14:42,SK스퀘어,pullback,5.5,-2.666666666666667,0.0979431929480901,1,neither,0.7827788649706457,-0.4892367906066536,29.92386,-0.09784735812133072,E3_vol_drain,1797.931291,0.684931506849315,eow
05-20,14:58,SK스퀘어,pullback,6.5,-2.2857142857142856,0.1953125,3,neither,0.5847953216374269,-0.1949317738791423,104.010274,-0.09746588693957114,E2_bearish_div,1794.000083,0.3898635477582846,eow
05-20,09:01,뷰티스킨,none,7.5,-2.941176470588235,,0,up,9.818181818181818,0.12121212121212122,142.002552,4.6060606060606055,E2_bearish_div,51.99778,7.636363636363637,trailing
05-20,09:01,파두,breakout,7.0,0.0,,0,up,4.2727272727272725,-2.181818181818182,227.984387,3.1818181818181817,E4_bearish_candle,85.974072,1.9090909090909092,trailing
05-20,10:23,파두,pullback,6.0,-1.4821272885789014,1.8018018018018018,4,down,-0.08849557522123894,-2.566371681415929,241.985435,-2.0,stop_-2%,241.985435,-2.0,stop_-2%
05-20,10:39,파두,pullback,6.0,-2.6155187445510024,0.9033423667570009,3,neither,1.8800358102059087,-0.9847806624888094,443.990855,-0.26857654431512984,E3_vol_drain,1798.066101,1.611459265890779,eow
05-20,10:49,파두,pullback,5.0,-2.7027027027027026,0.7220216606498195,2,up,2.3297491039426523,-0.08960573476702509,29.952084,0.08960573476702509,E3_vol_drain,1799.996427,2.0609318996415773,eow
05-20,11:07,파두,breakout,6.0,-0.8718395815170008,0.9769094138543518,3,down,0.5277044854881267,-3.781882145998241,140.115344,-0.3518029903254178,E3_vol_drain,610.031449,0.08795074758135445,bearish_candle
05-20,11:17,파두,chase,5.0,-0.6102877070619006,0.7957559681697612,4,down,0.2631578947368421,-4.035087719298246,7.989394,0.0,E3_vol_drain,797.988868,-2.0,stop_-2%
05-20,11:50,파두,pullback,5.0,-2.092414995640802,-0.0889679715302491,2,neither,0.6233303650934996,-1.2466607301869992,1181.99998,0.08904719501335707,E2_bearish_div,1799.99996,-0.3561887800534283,eow
05-20,12:05,파두,pullback,5.0,-2.528334786399302,-0.08936550491510277,4,neither,0.7155635062611807,-0.7155635062611807,241.999932,0.5366726296958855,E2_bearish_div,1796.000009,-0.26833631484794274,eow
05-20,12:17,파두,pullback,5.0,-2.353966870095902,0.0,2,neither,0.35714285714285715,-0.8928571428571428,353.973274,0.0,E2_bearish_div,1795.972869,-0.7142857142857143,eow
05-20,12:29,파두,pullback,6.0,-2.1795989537925022,0.8086253369272237,4,neither,0.17825311942959002,-1.06951871657754,36.003395,0.08912655971479501,E3_vol_drain,1668.003989,-0.9803921568627451,eow
05-20,13:09,파두,pullback,7.0,-1.1333914559721012,2.07020702070207,2,neither,-0.1763668430335097,-0.7936507936507936,12.000982,-0.1763668430335097,E2_bearish_div,271.950014,-0.4409171075837742,eow
05-21,09:04,SK증권,breakout,5.0,0.0,,0,down,0.37546933667083854,-3.128911138923655,287.999969,-0.1251564455569462,E2_bearish_div,4.000008,-0.2503128911138924,vp5ma_dead
05-21,09:01,SK네트웍스,breakout,5.0,0.0,,0,down,1.6826923076923077,-4.206730769230769,55.999951,0.06009615384615385,E3_vol_drain,61.999946,0.4807692307692308,bearish_candle
05-21,12:46,SK네트웍스,pullback,5.0,-2.8004667444574096,0.48250904704463204,3,neither,0.36014405762304924,-0.9603841536614646,40.000057,0.12004801920768307,E3_vol_drain,1798.000011,-0.6002400960384154,eow
05-21,14:38,SK네트웍스,pullback,5.0,-3.267211201866978,0.36319612590799033,2,neither,0.24125452352231602,-1.0856453558504222,24.000012,0.0,E3_vol_drain,1799.999995,-0.7237635705669482,eow
05-21,09:08,삼화콘덴서,chase,5.0,0.0,8.100929614873838,0,up,2.7027027027027026,-7.002457002457002,327.999994,-0.36855036855036855,E3_vol_drain,202.000006,0.85995085995086,trailing
05-21,09:01,흥아해운,none,5.0,-1.3861386138613863,,0,neither,1.6064257028112447,-0.2008032128514056,65.999959,0.6024096385542169,E3_vol_drain,146.000024,0.4016064257028112,eow
05-21,09:01,이수화학,breakout,5.0,0.0,,0,no_fwd,,,,,no_fwd,,,no_fwd
05-21,09:01,대원전선,breakout,5.0,0.0,,0,up,7.563587684069612,-1.8072289156626504,51.999968,1.1378848728246318,E3_vol_drain,149.999965,3.547523427041499,trailing
05-21,09:14,삼성전기,pullback,5.0,-2.380952380952381,-2.139917695473251,1,down,0.2523128679562658,-4.289318755256518,15.999941,0.2523128679562658,E3_vol_drain,119.99995,-1.1774600504625736,ma5_break
05-21,09:45,삼성전기,pullback,5.0,-3.5303776683087027,0.8583690987124464,4,neither,1.702127659574468,-0.9361702127659575,473.999996,-0.425531914893617,E2_bearish_div,1798.000029,0.6808510638297872,eow
05-21,09:56,삼성전기,pullback,5.0,-3.037766830870279,0.6820119352088662,3,neither,1.1854360711261642,-1.3547840812870449,170.000075,-0.9314140558848433,E4_bearish_candle,1796.000082,1.0160880609652836,eow
05-21,09:04,계양전기,breakout,5.0,0.0,,0,down,2.3333333333333335,-6.111111111111111,33.999944,-2.0,stop_-2%,28.000024,-0.33333333333333337,trailing
05-21,09:01,성문전자,pullback,5.0,-5.162241887905605,,0,down,3.7325038880248838,-11.508553654743391,4.000082,0.15552099533437014,E1_vp<100,18.000091,-2.0,stop_-2%
05-21,09:02,수산세보틱스,breakout,6.0,0.0,,0,neither,0.5199306759098787,-0.34662045060658575,23.99998,-0.34662045060658575,eow,23.99998,-0.34662045060658575,eow
05-21,09:01,광전자,breakout,6.0,0.0,,0,down,6.7547723935389135,-5.4331864904552125,70.000002,0.4405286343612335,E2_bearish_div,52.000071,0.14684287812041116,trailing
05-21,09:13,광전자,chase,5.0,-0.633356790992259,6.72713529856387,4,up,2.974504249291785,-5.028328611898017,47.999956,2.1954674220963173,E3_vol_drain,117.999981,1.0623229461756374,trailing
05-21,09:43,광전자,pullback,6.5,-3.645116918844567,3.090507726269316,3,up,10.278372591006423,-0.21413276231263384,164.000151,1.1420413990007139,E2_bearish_div,39.999935,3.7830121341898644,target_prevhigh
05-21,09:57,광전자,breakout,6.0,0.0,2.2996515679442506,3,up,5.245231607629427,-0.544959128065395,191.999959,2.588555858310627,E3_vol_drain,292.000016,3.8828337874659398,bearish_candle
05-21,09:04,KBI메탈,breakout,6.0,0.0,,0,up,5.190839694656488,0.0,5.99992,0.0,E2_bearish_div,1797.99996,5.190839694656488,eow
05-21,09:01,아주IB투자,breakout,5.0,0.0,,0,up,5.397390272835112,-3.7366548042704624,25.99989,-1.1269276393831553,E4_bearish_candle,25.99989,-1.1269276393831553,bearish_candle
05-21,09:44,SFA반도체,breakout,5.5,0.0,0.7963594994311717,2,up,2.4830699774266365,-0.7900677200902935,97.999983,-0.1128668171557562,E4_bearish_candle,97.999983,-0.1128668171557562,bearish_candle
05-21,10:39,SFA반도체,chase,6.0,-0.6607929515418502,1.92090395480226,4,neither,1.1086474501108647,-1.5521064301552108,90.000093,-0.22172949002217296,E4_bearish_candle,1425.999974,-0.7760532150776054,trailing
05-21,10:58,SFA반도체,breakout,6.0,0.0,2.130044843049327,3,down,0.10976948408342481,-3.0735455543358947,11.999999,-0.10976948408342481,E3_vol_drain,1200.00006,-2.0,stop_-2%
05-21,12:16,SFA반도체,pullback,6.0,-2.083333333333333,0.5630630630630631,4,up,3.0235162374020157,-0.33594624860022393,18.000047,0.11198208286674133,E3_vol_drain,432.000036,2.57558790593505,target_prevhigh
05-21,14:19,SFA반도체,pullback,5.5,-1.6304347826086956,1.2304250559284116,5,neither,0.3314917127071823,-1.8784530386740332,22.000001,-0.11049723756906078,E3_vol_drain,1798.000212,-1.3259668508287292,eow
05-21,09:38,주성엔지니어링,breakout,6.0,-0.16051364365971107,2.809917355371901,3,down,0.9110396570203645,-3.483386923901393,45.999979,0.0,E1_vp<100,3.999984,0.21436227224008575,vp5ma_dead
05-21,09:02,성호전자,breakout,5.0,0.0,,0,down,1.82648401826484,-4.908675799086757,128.000005,1.5981735159817352,E3_vol_drain,207.999988,0.0,trailing
05-21,09:37,KX하이텍,pullback,5.0,-2.8708133971291865,2.4734982332155475,4,up,3.9408866995073892,-4.926108374384237,8.000037,0.0,E2_bearish_div,403.999977,3.9408866995073892,target_prevhigh
05-21,10:22,KX하이텍,pullback,6.5,-5.639810426540285,3.0538302277432714,4,up,2.712204922149674,-0.45203415369161226,15.863101,0.0,E3_vol_drain,408.0,1.2054244098442994,trailing
05-21,11:51,KX하이텍,pullback,5.5,-3.7914691943127963,0.9950248756218906,2,neither,0.7389162561576355,-1.2315270935960592,384.000057,0.24630541871921183,E3_vol_drain,1796.746275,-0.49261083743842365,eow
05-21,12:15,KX하이텍,pullback,5.0,-3.5545023696682465,1.2437810945273633,2,neither,0.4914004914004914,-1.9656019656019657,41.999992,-0.2457002457002457,E3_vol_drain,1793.999999,-1.9656019656019657,eow
05-21,09:53,LG전자,breakout,5.0,-0.24096385542168677,0.48543689320388345,1,up,4.5893719806763285,-0.4830917874396135,30.000052,-0.24154589371980675,E3_vol_drain,1797.999979,4.3478260869565215,eow
05-21,10:41,LG전자,breakout,6.5,0.0,1.627906976744186,3,neither,1.3729977116704806,-0.6864988558352403,32.000051,0.34324942791762014,E3_vol_drain,264.000039,0.6864988558352403,bearish_candle
05-21,11:14,LG전자,breakout,6.5,0.0,1.1389521640091116,3,up,3.8288288288288284,-0.45045045045045046,41.559263,0.0,E3_vol_drain,1797.999918,2.9279279279279278,eow
05-21,11:31,LG전자,chase,5.5,0.0,1.5625,4,up,2.6373626373626373,-0.6593406593406593,11.999967,0.0,E3_vol_drain,1799.999974,2.6373626373626373,eow
05-21,11:41,LG전자,breakout,6.5,-0.32537960954446854,0.9890109890109889,3,neither,1.632208922742111,-0.9793253536452665,11.893918,0.1088139281828074,E3_vol_drain,518.000134,-0.9793253536452665,bearish_candle
05-21,11:55,LG전자,breakout,5.0,0.0,1.5384615384615385,3,neither,1.0822510822510822,-1.7316017316017316,22.000015,0.4329004329004329,E3_vol_drain,676.000027,-0.4329004329004329,trailing
05-21,12:39,LG전자,pullback,5.0,-1.4989293361884368,0.6564551422319475,3,neither,0.43478260869565216,-1.0869565217391304,15.999995,0.0,E3_vol_drain,1799.999952,-0.21739130434782608,eow
05-21,12:51,LG전자,pullback,5.0,-1.7130620985010707,0.21834061135371177,1,neither,0.6535947712418301,-0.4357298474945534,15.999986,-0.2178649237472767,E3_vol_drain,1799.999964,-0.2178649237472767,eow
05-21,13:42,LG전자,pullback,5.0,-1.4989293361884368,0.6564551422319475,4,up,2.1739130434782608,-0.43478260869565216,32.000015,0.0,E3_vol_drain,1057.999979,1.5217391304347827,target_prevhigh
05-21,13:56,LG전자,pullback,5.0,-1.4989293361884368,0.2178649237472767,2,up,2.1739130434782608,-0.21739130434782608,32.000004,0.0,E3_vol_drain,216.000057,1.5217391304347827,target_prevhigh
05-21,09:02,하나마이크론,breakout,5.0,0.0,,0,up,7.677165354330709,-1.3779527559055118,973.999943,3.937007874015748,E3_vol_drain,255.999868,1.7716535433070866,trailing
05-21,09:20,하나마이크론,chase,6.0,-0.18726591760299627,0.946969696969697,5,up,8.25515947467167,-1.3133208255159476,39.999971,-0.18761726078799248,E2_bearish_div,563.999922,0.5628517823639775,trailing
05-21,09:32,하나마이크론,breakout,6.0,-0.9140767824497258,0.3703703703703704,3,up,7.564575645756458,0.18450184501845018,30.700665,0.7380073800738007,E2_bearish_div,178.000015,0.5535055350553505,trailing
05-21,09:50,하나마이크론,chase,5.0,0.0,3.214285714285714,4,down,0.8650519031141869,-2.0761245674740483,36.000011,0.34602076124567477,E2_bearish_div,905.999971,-2.0,stop_-2%
05-21,14:33,하나마이크론,none,5.0,-6.003430531732419,0.642791551882461,2,neither,0.9124087591240875,-0.9124087591240875,12.00024,0.0,E3_vol_drain,1798.000019,-0.36496350364963503,eow
05-21,09:32,제주반도체,breakout,5.0,0.0,2.786377708978328,3,up,2.8112449799196786,-1.5060240963855422,145.276689,0.8032128514056224,E3_vol_drain,3.276658,0.0,vp5ma_dead
05-21,09:46,제주반도체,pullback,5.0,-2.34375,0.0,3,neither,1.6,-1.6,4.000061,-0.1,E2_bearish_div,298.000049,0.1,trailing
05-21,10:17,제주반도체,pullback,5.0,-2.24609375,1.0090817356205852,4,up,12.287712287712289,-0.0999000999000999,438.00003,3.096903096903097,E4_bearish_candle,194.000012,2.897102897102897,target_prevhigh
05-21,10:28,제주반도체,chase,7.0,0.0,4.720616570327553,4,up,3.403863845446182,-3.6798528058877644,136.000028,-0.36798528058877644,E3_vol_drain,338.000011,-0.5519779208831647,trailing
05-21,10:48,제주반도체,pullback,5.5,-3.202846975088968,-1.090909090909091,1,down,0.2757352941176471,-3.768382352941176,17.999962,-0.2757352941176471,E3_vol_drain,121.999969,-2.0,stop_-2%
05-21,11:08,제주반도체,pullback,5.5,-3.6476868327402134,1.0261194029850746,3,up,3.139427516158818,-0.7386888273314866,31.999978,-0.09233610341643582,E3_vol_drain,1794.000068,3.0470914127423825,eow
05-21,11:25,제주반도체,pullback,5.0,-2.224199288256228,1.0110294117647058,3,neither,1.6378525932666061,-1.5468607825295724,15.999879,0.18198362147406735,E3_vol_drain,959.999966,-0.5459508644222021,trailing
05-21,11:36,제주반도체,chase,6.0,-0.8896797153024912,1.8281535648994516,4,down,0.26929982046678635,-2.872531418312388,14.000027,0.0,E3_vol_drain,492.000027,-2.0,stop_-2%
05-21,12:12,제주반도체,pullback,5.0,-1.0676156583629894,1.6453382084095063,4,up,7.284172661870504,0.3597122302158274,28.000039,1.618705035971223,E3_vol_drain,20.000003,1.4388489208633095,target_prevhigh
05-21,13:57,제주반도체,pullback,5.0,-1.760268231349539,1.0344827586206897,4,up,5.1194539249146755,-0.5119453924914675,49.999944,0.17064846416382254,E3_vol_drain,791.999983,1.7918088737201365,target_prevhigh
05-21,14:07,제주반도체,pullback,5.0,-1.173512154233026,1.0282776349614395,4,up,4.495335029686174,-1.0178117048346056,26.000002,0.0,E3_vol_drain,165.999966,1.1874469889737065,target_prevhigh
05-21,14:18,제주반도체,breakout,7.0,0.0,0.4166666666666667,3,up,2.240663900414938,-3.1535269709543567,30.000022,1.2448132780082988,E3_vol_drain,486.000032,0.6639004149377593,trailing
05-21,09:01,MDS테크,breakout,5.0,0.0,,0,neither,0.2652519893899204,-0.3978779840848806,30.000061,-0.2652519893899204,eow,30.000061,-0.2652519893899204,eow
05-21,09:02,미래에셋벤처투자,breakout,5.0,-0.08525149190110827,,0,down,1.877133105802048,-6.313993174061433,8.000008,-0.3412969283276451,E1_vp<100,20.000066,1.023890784982935,vp5ma_dead
05-21,09:04,티씨머티리얼즈,breakout,5.0,0.0,,0,up,18.85143570536829,0.0,219.999973,2.871410736579276,E3_vol_drain,315.999987,3.245942571785269,bearish_candle
05-21,09:14,티씨머티리얼즈,breakout,6.0,0.0,1.9300361881785282,3,up,13.964497041420119,-0.35502958579881655,245.999955,3.3136094674556213,E2_bearish_div,435.999986,5.9171597633136095,trailing
05-21,09:25,티씨머티리얼즈,chase,5.5,0.0,4.143337066069429,3,up,3.5483870967741935,-4.193548387096775,50.000036,-0.43010752688172044,E2_bearish_div,96.000044,0.6451612903225806,trailing
05-21,09:04,유니트론텍,pullback,5.0,-1.643489254108723,,0,up,10.668380462724937,-0.12853470437017994,41.999951,0.8997429305912596,E3_vol_drain,65.999974,2.056555269922879,target_prevhigh
05-21,09:36,녹십자엠에스,chase,5.0,0.0,8.149405772495756,4,down,0.47095761381475665,-10.204081632653061,134.000069,-0.47095761381475665,E2_bearish_div,148.000068,-2.0,stop_-2%
05-21,11:22,녹십자엠에스,chase,5.0,-0.9375,6.0200668896321075,3,up,4.2586750788643535,-6.466876971608833,56.000011,0.0,E2_bearish_div,352.000048,2.6813880126182967,trailing
05-21,09:14,이노인스트루먼트,pullback,5.0,-1.0373443983402488,5.764966740576496,3,down,0.628930817610063,-11.949685534591195,60.000019,-1.8029350104821804,E1_vp<100,63.999988,-2.0,stop_-2%
05-21,10:03,이노인스트루먼트,chase,5.0,0.0,8.11965811965812,5,down,0.7905138339920948,-7.707509881422925,166.00008,-0.592885375494071,E2_bearish_div,169.999968,-2.0,stop_-2%
05-21,14:24,원텍,chase,5.0,0.0,1.0501750291715286,4,neither,0.11547344110854503,-1.2702078521939952,55.99622,-0.11547344110854503,E3_vol_drain,1798.082458,-1.1547344110854503,eow
05-21,15:02,원텍,breakout,6.0,0.0,1.048951048951049,3,up,2.9988465974625145,0.0,135.999994,0.461361014994233,E3_vol_drain,1797.999966,2.6528258362168398,eow
05-21,09:01,티이엠씨,pullback,6.0,-2.0072992700729926,,0,up,12.476722532588454,0.931098696461825,52.00004,2.0484171322160147,E3_vol_drain,15.999922,2.2346368715083798,target_prevhigh
05-21,09:12,티이엠씨,breakout,6.0,0.0,1.232394366197183,3,up,5.043478260869565,-1.2173913043478262,17.99996,-0.5217391304347827,E3_vol_drain,224.00004,1.7391304347826086,bearish_candle
05-21,09:57,티이엠씨,none,5.5,-7.9470198675496695,-1.0676156583629894,1,down,0.3597122302158274,-2.158273381294964,150.000013,-0.539568345323741,E2_bearish_div,771.999969,-2.0,stop_-2%
05-22,11:36,삼화콘덴서,chase,5.0,0.0,3.7894736842105265,5,up,2.028397565922921,-2.028397565922921,68.000106,0.2028397565922921,E3_vol_drain,870.000076,0.5070993914807302,trailing
05-22,12:43,삼화콘덴서,chase,5.0,0.0,1.002004008016032,4,neither,1.1904761904761905,-0.6944444444444444,124.000172,-0.2976190476190476,E3_vol_drain,1798.000093,1.1408730158730158,eow
05-22,09:03,선도전기,breakout,5.0,0.0,,0,down,-1.5570934256055362,-6.5743944636678195,9.023539,-2.0,stop_-2%,9.023539,-2.0,stop_-2%
05-22,09:04,대한광통신,pullback,5.0,-1.6666666666666667,,1,up,7.415254237288135,-0.6355932203389831,6.000039,-0.211864406779661,E1_vp<100,274.000006,1.694915254237288,target_prevhigh
05-22,09:14,대한광통신,chase,5.0,0.0,4.132231404958678,4,down,0.5952380952380952,-5.357142857142857,15.99992,0.5952380952380952,E3_vol_drain,103.999902,-2.0,stop_-2%
05-22,10:04,대한광통신,pullback,5.0,-3.5502958579881656,1.0330578512396695,3,neither,0.6134969325153374,-1.0224948875255624,18.00002,0.2044989775051125,E3_vol_drain,1795.999942,-1.0224948875255624,eow
05-22,14:00,대한광통신,pullback,5.5,-3.5502958579881656,1.2422360248447204,5,neither,0.0,-1.2269938650306749,26.486753,0.0,E1_vp<100,1798.000102,0.0,eow
05-22,09:02,KBI메탈,breakout,5.0,0.0,,0,up,3.7037037037037033,-6.002554278416347,93.999971,-2.0,stop_-2%,43.999938,0.8939974457215836,trailing
05-22,09:01,아주IB투자,breakout,5.0,0.0,,0,neither,-1.1083743842364533,-1.1083743842364533,6.0,-1.1083743842364533,eow,6.0,-1.1083743842364533,eow
05-22,09:01,피델릭스,breakout,6.0,0.0,,0,down,1.4413177762525737,-11.461908030199039,37.999996,-2.0,stop_-2%,29.999951,-1.3040494166094716,trailing
05-22,09:02,SFA반도체,breakout,5.0,0.0,,0,up,7.057546145494029,0.0,108.000029,3.474484256243214,E3_vol_drain,140.000019,3.1487513572204127,bearish_candle
05-22,09:50,SFA반도체,breakout,5.0,0.0,2.6970954356846475,2,down,0.0,-3.0303030303030303,69.999943,-0.8080808080808081,E2_bearish_div,1051.999941,-2.0,stop_-2%
05-22,10:21,SFA반도체,breakout,5.0,-0.5050505050505051,1.2332990750256936,2,up,10.65989847715736,0.5076142131979695,150.743616,0.9137055837563453,E3_vol_drain,116.732631,1.2182741116751268,trailing
05-22,10:31,SFA반도체,breakout,6.0,0.0,1.691542288557214,3,up,6.653620352250488,0.0,6.000035,0.29354207436399216,E3_vol_drain,679.999991,2.73972602739726,trailing
05-22,10:46,SFA반도체,breakout,5.0,-0.09293680297397769,0.9389671361502347,3,down,1.3953488372093024,-5.953488372093023,208.00004,0.7441860465116279,E2_bearish_div,329.999961,-0.27906976744186046,trailing
05-22,11:20,SFA반도체,pullback,5.0,-3.669724770642202,2.5390625,4,up,2.9523809523809526,-0.38095238095238093,95.999981,0.09523809523809523,E3_vol_drain,808.000006,1.0476190476190477,trailing
05-22,11:39,SFA반도체,chase,5.0,-0.8256880733944955,2.5616698292220113,4,down,-0.09250693802035154,-2.682701202590194,79.082157,-1.2025901942645698,E3_vol_drain,405.999912,-2.0,stop_-2%
05-22,12:03,SFA반도체,pullback,5.0,-1.2844036697247707,1.6052880075542966,4,neither,1.7657992565055762,-1.0223048327137547,147.999968,-0.18587360594795538,E3_vol_drain,1626.000043,1.3011152416356877,target_prevhigh
05-22,12:30,SFA반도체,breakout,5.0,0.0,1.9644527595884003,3,down,0.45871559633027525,-4.862385321100918,15.99999,0.09174311926605505,E3_vol_drain,753.999975,-2.0,stop_-2%
05-22,09:01,주성엔지니어링,breakout,5.0,-0.15657620041753653,,0,up,12.127548353371667,-0.9932043910088865,42.000045,4.391008886565604,E3_vol_drain,252.000121,8.991113434396237,trailing
05-22,13:43,주성엔지니어링,breakout,7.0,0.0,2.7586206896551726,3,down,1.5659955257270695,-3.5794183445190155,21.999975,0.0,E2_bearish_div,230.955466,-0.22371364653243847,trailing
05-22,14:13,주성엔지니어링,pullback,5.0,-2.2026431718061676,0.6802721088435374,3,up,4.054054054054054,-0.6756756756756757,273.999903,0.6756756756756757,E3_vol_drain,729.999852,2.2522522522522523,target_prevhigh
05-22,14:25,주성엔지니어링,breakout,6.0,-0.22026431718061676,1.342281879194631,2,neither,1.9867549668874174,-1.3245033112582782,117.999987,0.8830022075055187,E3_vol_drain,712.000445,0.44150110375275936,trailing
05-22,09:07,우리로,chase,5.5,0.0,3.937007874015748,4,up,4.924242424242424,-6.15530303030303,27.999963,0.4734848484848485,E3_vol_drain,90.886207,0.0,trailing
05-22,09:18,우리로,breakout,5.0,0.0,2.8890959925442683,3,down,0.36231884057971014,-11.18659420289855,56.010943,-2.0,stop_-2%,56.010943,-2.0,stop_-2%
05-22,10:12,우리로,none,6.0,-6.678700361010831,1.7716535433070866,3,down,1.9342359767891684,-2.5145067698259185,15.999979,0.3868471953578337,E3_vol_drain,589.999986,0.3868471953578337,trailing
05-22,11:15,현대바이오,none,5.5,-8.403361344537815,-1.2830188679245282,2,up,2.4464831804281344,-0.382262996941896,1796.000008,1.452599388379205,eow,1796.000008,1.452599388379205,eow
05-22,13:07,현대바이오,pullback,5.0,-4.131652661064425,1.4074074074074074,4,neither,1.9722425127830532,-1.6800584368151936,14.000123,-0.3652300949598247,E2_bearish_div,1003.999979,0.3652300949598247,trailing
05-22,10:34,기가레인,chase,5.0,-0.5076142131979695,4.04777704047777,3,down,1.2755102040816326,-4.464285714285714,20.973875,0.31887755102040816,E2_bearish_div,616.973991,-2.0,stop_-2%
05-22,11:03,기가레인,pullback,5.5,-1.6497461928934012,2.7851458885941645,4,up,2.838709677419355,-1.2903225806451613,97.999986,1.2903225806451613,E3_vol_drain,13.999996,1.935483870967742,target_prevhigh
05-22,11:43,기가레인,breakout,6.0,-0.2509410288582183,1.467772814294831,2,down,1.4465408805031448,-2.0125786163522013,50.000068,1.4465408805031448,E3_vol_drain,182.000078,-0.06289308176100629,trailing
05-22,09:01,쏠리드,breakout,5.0,0.0,,0,up,8.492822966507177,-1.375598086124402,34.000009,-0.777511961722488,E3_vol_drain,225.999969,2.3325358851674642,trailing
05-22,09:12,쏠리드,chase,6.0,0.0,4.51650260567458,3,down,0.4986149584487534,-3.656509695290859,28.000025,-0.7202216066481995,E4_bearish_candle,114.000106,-2.0,stop_-2%
05-22,10:01,쏠리드,breakout,5.5,-0.8820286659316428,1.4672686230248306,3,up,2.1134593993325916,-2.502780867630701,27.999952,0.778642936596218,E3_vol_drain,273.999969,0.33370411568409347,trailing
05-22,11:02,쏠리드,pullback,5.5,-3.9760348583877994,0.8581235697940504,2,neither,1.3613159387407827,-0.39705048213272826,219.999949,0.28360748723766305,E3_vol_drain,1799.999945,1.3045944412932502,eow
05-22,11:26,쏠리드,pullback,7.5,-2.7777777777777777,0.9615384615384616,2,neither,1.0084033613445378,-0.44817927170868344,81.999944,-0.05602240896358543,E3_vol_drain,1799.999921,-0.16806722689075632,eow
05-22,11:41,쏠리드,pullback,7.5,-2.3965141612200433,0.39215686274509803,2,neither,0.6138392857142857,-0.8370535714285714,11.999806,0.055803571428571425,E3_vol_drain,1797.999796,-0.33482142857142855,eow
05-22,12:52,쏠리드,pullback,5.0,-3.2679738562091507,0.5662514156285391,4,neither,1.8018018018018018,-0.22522522522522523,834.000009,0.22522522522522523,E2_bearish_div,1796.812252,0.9009009009009009,eow
05-22,13:07,쏠리드,pullback,5.0,-2.7777777777777777,0.33726812816188867,2,neither,1.2885154061624648,-0.5042016806722689,1476.000015,0.8403361344537815,E2_bearish_div,1795.999987,0.9523809523809524,eow
05-22,13:30,쏠리드,pullback,5.0,-1.6339869281045754,0.6128133704735376,2,neither,0.6644518272425249,-0.5537098560354374,106.00006,-0.33222591362126247,E2_bearish_div,1794.00002,0.05537098560354374,eow
05-22,13:49,쏠리드,pullback,5.0,-1.6884531590413945,0.33351862145636463,2,up,3.434903047091413,0.0554016620498615,371.075373,0.4986149584487534,E2_bearish_div,923.075544,1.7174515235457064,target_prevhigh
05-22,14:03,쏠리드,breakout,5.5,-0.4357298474945534,1.1061946902654867,2,up,2.1334792122538295,-0.16411378555798686,78.00001,0.10940919037199125,E4_bearish_candle,78.00001,0.10940919037199125,bearish_candle
05-22,09:03,한컴위드,pullback,5.0,-1.8518518518518516,,0,down,1.3062409288824384,-6.821480406386067,54.000019,-2.0,stop_-2%,54.000019,-2.0,stop_-2%
05-22,09:07,한국첨단소재,breakout,5.5,0.0,,0,up,4.57516339869281,-2.1241830065359477,106.000019,2.6143790849673203,E3_vol_drain,86.000027,0.8169934640522877,trailing
05-22,10:12,한국첨단소재,pullback,5.0,-4.0625,1.9933554817275747,4,up,4.234527687296417,-0.16286644951140067,38.00004,0.32573289902280134,E3_vol_drain,560.000031,4.234527687296417,target_prevhigh
05-22,10:52,한국첨단소재,chase,5.0,-0.3125,1.2698412698412698,4,up,2.507836990595611,-0.9404388714733543,79.999916,0.9404388714733543,E3_vol_drain,507.999953,0.9404388714733543,trailing
05-22,09:01,비엘팜텍,pullback,6.0,-1.3179571663920924,,0,down,0.333889816360601,-12.687813021702837,11.99998,-0.8347245409015025,E4_bearish_candle,24.000074,-2.0,stop_-2%
05-22,14:03,LG전자,chase,6.0,0.0,0.8213552361396305,4,neither,0.20366598778004072,-1.6293279022403258,1548.000005,-1.0183299389002036,E2_bearish_div,1796.00021,-1.3238289205702647,eow
05-22,09:05,빛과전자,breakout,5.0,0.0,,0,up,19.926873857404022,0.18281535648994515,52.000006,0.5484460694698354,E3_vol_drain,396.000027,7.861060329067642,trailing
05-22,09:28,빛과전자,chase,5.0,0.0,3.015873015873016,4,down,1.078582434514638,-8.166409861325114,119.843601,-1.078582434514638,E3_vol_drain,29.843683,-0.46224961479198773,trailing
05-22,09:01,제주반도체,breakout,5.0,0.0,,0,up,4.232365145228216,-1.4107883817427387,30.000111,1.5767634854771784,E3_vol_drain,44.000029,1.2448132780082988,bearish_candle
05-22,10:56,제주반도체,pullback,5.0,-3.216374269005848,-2.7900146842878124,2,down,0.4531722054380665,-3.1722054380664653,145.999907,-2.0,stop_-2%,145.999907,-2.0,stop_-2%
05-22,11:06,제주반도체,pullback,5.0,-5.409356725146199,-1.145912910618793,1,neither,1.7001545595054095,-1.0819165378670788,591.99994,0.38639876352395675,E2_bearish_div,1362.000035,0.1545595054095827,trailing
05-22,11:20,제주반도체,pullback,5.0,-3.9473684210526314,1.3888888888888888,4,down,0.15220700152207,-4.337899543378995,841.99993,-2.0,stop_-2%,841.99993,-2.0,stop_-2%
05-22,12:26,제주반도체,none,5.0,-6.286549707602338,0.5490196078431373,3,neither,0.46801872074883,-1.40405616224649,125.99996,-0.234009360374415,E3_vol_drain,1799.999956,-1.014040561622465,eow
05-22,13:21,제주반도체,none,5.0,-6.505847953216374,0.550314465408805,5,neither,1.4073494917904612,-0.7036747458952306,20.000069,0.3909304143862392,E3_vol_drain,282.00005,-0.1563721657544957,trailing
05-22,12:58,에코프로,pullback,5.5,-4.021094264996703,0.34458993797381116,2,neither,0.6868131868131868,-0.20604395604395606,1212.000027,0.5494505494505495,E2_bearish_div,1796.879818,0.0,eow
05-22,13:11,에코프로,pullback,5.5,-3.5596572181938035,0.41180507892930684,3,neither,0.2050580997949419,-0.6151742993848257,428.000109,0.0683526999316473,E2_bearish_div,1794.000108,-0.3417634996582365,eow
05-22,09:01,디아이씨,breakout,5.0,-0.8706467661691543,,0,up,11.041405269761606,1.5056461731493098,89.999966,7.904642409033877,E2_bearish_div,102.00002,6.649937264742785,trailing
05-22,09:13,디아이씨,pullback,5.0,-3.218390804597701,0.11890606420927466,3,up,8.076009501187649,-1.5439429928741093,7.999976,0.35629453681710216,E3_vol_drain,170.000034,1.0688836104513064,trailing
05-22,09:34,디아이씨,breakout,6.0,0.0,2.7366020524515395,3,down,0.9988901220865706,-6.215316315205328,100.000008,0.0,E3_vol_drain,146.000031,-0.3329633740288568,bearish_candle
05-22,13:27,디아이씨,breakout,5.5,0.0,0.8859357696566998,3,down,0.21953896816684962,-2.305159165751921,19.999981,0.21953896816684962,E3_vol_drain,849.999999,-2.0,stop_-2%
05-22,14:23,디아이씨,breakout,5.5,-0.6571741511500547,1.45413870246085,3,up,3.0871003307607494,-0.2205071664829107,28.000167,0.0,E3_vol_drain,856.000101,1.5435501653803747,trailing
05-22,14:33,디아이씨,breakout,5.5,0.0,1.092896174863388,2,down,1.0810810810810811,-2.1621621621621623,37.999937,0.3243243243243243,E3_vol_drain,254.000041,-0.43243243243243246,trailing
05-22,09:01,티씨머티리얼즈,breakout,5.0,0.0,,0,down,-0.3376748673420164,-7.863000482392668,36.00002,-2.0,stop_-2%,36.00002,-2.0,stop_-2%
05-22,09:01,유니트론텍,breakout,5.0,0.0,,0,down,0.8111239860950173,-4.9826187717265356,76.000086,-2.0,stop_-2%,76.000086,-2.0,stop_-2%
05-22,09:32,유니트론텍,breakout,5.0,-0.9195402298850575,0.4662004662004662,3,up,2.2041763341067284,-1.160092807424594,3.999927,0.34802784222737815,E2_bearish_div,283.999985,-0.6960556844547563,trailing
05-22,09:47,유니트론텍,chase,5.0,0.0,1.8583042973286876,4,down,0.45610034207525657,-2.7366020524515395,65.295687,-2.0,stop_-2%,65.295687,-2.0,stop_-2%
05-22,10:07,페니트리움바이오,pullback,5.0,-2.666666666666667,2.2629310344827585,3,down,0.9483667017913594,-3.1612223393045316,69.999993,0.42149631190727077,E3_vol_drain,298.000032,-2.0,stop_-2%
05-22,09:08,드림시큐리티,breakout,5.0,0.0,1.4248704663212435,3,up,2.80970625798212,-9.578544061302683,63.999951,0.5108556832694764,E3_vol_drain,319.999991,1.9157088122605364,bearish_candle
05-22,09:01,아이엘,breakout,5.0,-0.857449088960343,,0,down,2.5945945945945943,-6.486486486486487,54.00002,-1.6216216216216217,E2_bearish_div,103.999993,-0.10810810810810811,bearish_candle
05-22,09:27,아이엘,pullback,5.0,-4.425711275026344,2.3702031602708806,4,up,4.410143329658213,-0.7717750826901874,96.000091,0.11025358324145534,E2_bearish_div,368.000052,2.0948180815876514,trailing
05-22,09:38,아이엘,pullback,5.0,-2.634351949420443,-1.070663811563169,2,up,2.4891774891774894,-1.5151515151515151,321.018868,-0.3246753246753247,E2_bearish_div,509.0189,0.3246753246753247,trailing
05-22,09:51,아이엘,breakout,6.0,-0.21074815595363539,0.5307855626326964,3,down,0.0,-3.062302006335797,6.450674,0.0,E3_vol_drain,276.000007,-2.0,stop_-2%
05-22,10:46,아이엘,pullback,6.0,-2.423603793466807,-0.10787486515641855,1,neither,0.4319654427645789,-0.9719222462203023,196.000016,0.10799136069114472,E2_bearish_div,1702.000027,-0.9719222462203023,eow
05-22,11:47,아이엘,breakout,7.0,-0.7376185458377239,2.7262813522355507,1,up,4.8832271762208075,-0.10615711252653928,196.000008,2.1231422505307855,E3_vol_drain,352.000104,1.0615711252653928,trailing
05-22,12:08,아이엘,breakout,5.5,-0.3102378490175801,1.0482180293501049,1,up,3.7344398340248963,0.0,247.999906,1.6597510373443984,E2_bearish_div,273.999965,0.7261410788381742,trailing
05-22,13:25,아이엘,breakout,5.0,-0.8999999999999999,0.9164969450101833,2,down,0.5045408678102926,-2.219979818365288,209.999922,-0.4036326942482341,E2_bearish_div,1445.999953,-2.0,stop_-2%
05-22,14:14,아이엘,pullback,5.5,-3.5000000000000004,-0.41279669762641896,0,neither,1.450777202072539,-0.6217616580310881,409.999953,1.450777202072539,E3_vol_drain,1371.999953,-0.10362694300518134,trailing
05-22,15:01,아이엘,pullback,5.5,-3.8,0.8385744234800839,1,neither,0.10395010395010396,-1.5592515592515594,244.000975,0.10395010395010396,E2_bearish_div,1798.000186,-0.7276507276507277,eow
05-22,15:18,아이엘,pullback,5.5,-4.6,0.1049317943336831,2,neither,0.20964360587002098,-0.052410901467505246,146.000386,0.10482180293501049,E2_bearish_div,1795.999527,0.10482180293501049,eow
05-22,09:01,HD현대에너지솔루션,breakout,5.0,0.0,,0,up,4.400977995110025,-1.9559902200488997,29.999976,0.0,E1_vp<100,140.000053,2.689486552567237,trailing
05-22,09:03,티이엠씨,breakout,5.0,0.0,,0,down,3.9930555555555554,-7.8125,47.999977,-2.0,stop_-2%,47.999977,-2.0,stop_-2%
05-22,09:18,티이엠씨,chase,6.0,-0.33670033670033667,3.8596491228070176,3,down,1.1824324324324325,-10.304054054054054,229.989197,-1.0135135135135136,E3_vol_drain,157.989191,-0.33783783783783783,trailing
05-22,09:08,아이씨티케이,breakout,5.5,-0.6779661016949152,1.384083044982699,1,up,3.0716723549488054,-9.556313993174061,3.999981,0.6825938566552902,E3_vol_drain,3.999981,0.6825938566552902,vp5ma_dead
