date,code,tv_rank,vol_rank,ret,drop_pct,close,high,gap_pct,hold_close_pct,is_52w_high,name
2026-02-24,000660,2,108,5.6782334384858135,0.0,1005000,1005000,0.6965174129353234,1.2935323383084576,True,SK하이닉스
2026-02-24,005440,43,51,20.192307692307686,3.747433264887064,18750,19480,-1.8133333333333335,-2.7199999999999998,True,현대지에프홀딩스
2026-02-24,006340,4,3,19.669117647058833,4.685212298682284,6510,6830,7.834101382488479,-4.915514592933948,True,대원전선
2026-02-24,006400,3,151,7.662835249042144,1.288056206088993,421500,427000,0.11862396204033215,2.7283511269276395,True,삼성SDI
2026-02-24,008930,30,107,18.596491228070168,8.64864864864865,50700,55500,-1.183431952662722,-7.889546351084813,True,한미사이언스
2026-02-24,010130,45,1588,8.589669181659886,0.8479067302596714,1871000,1887000,-0.5879208979155532,13.041154462854088,False,고려아연
2026-02-24,011500,48,78,10.828025477707005,6.283662477558348,26100,27850,3.256704980842912,2.10727969348659,True,한농화성
2026-02-24,047040,29,17,8.133333333333326,4.023668639053255,8110,8450,1.972872996300863,7.891491985203452,True,대우건설
2026-02-24,048410,12,19,12.549240292628028,6.976744186046512,20000,21500,3.0,-4.7,True,현대바이오
2026-02-24,051910,39,537,5.41353383458647,0.2844950213371266,350500,351500,0.7132667617689016,10.556348074179743,False,LG화학
2026-02-24,096770,35,264,7.242990654205617,1.2903225806451613,137700,139500,-1.016702977487291,-4.720406681190995,True,SK이노베이션
2026-02-24,222080,13,13,17.564402810304447,4.502219403931516,15060,15770,0.2656042496679947,-4.51527224435591,True,씨아이에스
2026-02-24,319400,15,35,24.34944237918215,1.3274336283185841,33450,33900,11.509715994020926,6.278026905829597,False,현대무벡스
2026-02-24,402340,14,425,6.379310344827593,2.6813880126182967,617000,634000,2.106969205834684,4.862236628849271,True,SK스퀘어
2026-02-24,491000,41,207,5.196304849884537,5.005213764337852,91100,95900,0.5488474204171241,-2.634467618002195,,리브스메드
2026-02-25,000270,5,120,12.701149425287351,1.900950475237619,196100,199900,0.6629270780214177,5.04844467108618,True,기아
2026-02-25,000720,13,160,12.05776173285198,2.8785982478097623,155200,159800,3.221649484536082,4.381443298969072,True,현대건설
2026-02-25,0015G0,19,65,17.05639614855572,9.947089947089948,42550,47250,0.23501762632197415,0.23501762632197415,True,그린광학
2026-02-25,003490,21,45,9.245283018867934,2.689075630252101,28950,29750,-0.3454231433506045,-2.936096718480138,True,대한항공
2026-02-25,005380,3,112,9.160305343511443,2.054794520547945,572000,584000,0.34965034965034963,6.468531468531468,True,현대차
2026-02-25,006800,8,53,8.643915581499773,3.9525220981315834,72585,75572,-0.6860921678032652,0.9602534959013571,True,미래에셋증권
2026-02-25,010130,43,1643,13.041154462854099,3.3363802559414992,2115000,2188000,-1.8439716312056738,-2.8368794326241136,True,고려아연
2026-02-25,032830,40,442,9.82142857142858,5.202312138728324,246000,259500,-2.8455284552845526,-2.8455284552845526,True,삼성생명
2026-02-25,034220,29,22,5.405405405405395,1.984126984126984,14820,15120,0.5398110661268556,6.950067476383266,False,LG디스플레이
2026-02-25,047040,17,9,7.891491985203447,4.057017543859649,8750,9120,2.6285714285714286,14.857142857142858,True,대우건설
2026-02-25,051910,16,341,10.556348074179734,3.4869240348692405,387500,401500,0.0,0.6451612903225806,False,LG화학
2026-02-25,058610,48,296,11.085972850678738,3.0921052631578947,147300,152000,0.0,2.9871011541072643,False,에스피지
2026-02-25,277810,28,874,8.093278463648822,1.0050251256281406,788000,796000,0.0,11.6751269035533,True,레인보우로보틱스
2026-02-25,307950,7,299,14.45086705202312,6.60377358490566,495000,530000,-0.7070707070707071,2.0202020202020203,True,현대오토에버
2026-02-26,000270,24,193,5.048444671086183,0.9615384615384616,206000,208000,-3.1067961165048543,-0.24271844660194172,True,기아
2026-02-26,000660,2,88,7.95677799607073,0.0,1099000,1099000,-4.45859872611465,-3.4576888080072794,True,SK하이닉스
2026-02-26,001510,8,1,18.99364113906552,8.32800851970181,4304,4695,0.0,-1.161710037174721,True,SK증권
2026-02-26,005380,3,142,6.468531468531458,1.4563106796116505,609000,618000,-2.7914614121510675,10.673234811165845,True,현대차
2026-02-26,005930,1,12,7.125307125307123,0.45662100456621,218000,219000,-3.669724770642202,-0.6880733944954129,True,삼성전자
2026-02-26,010120,50,318,6.640106241699861,2.5485436893203883,160600,164800,-0.62266500622665,-1.9925280199252802,True,LS ELECTRIC
2026-02-26,011070,26,340,19.999999999999996,2.4045261669024045,345000,353500,-3.4782608695652173,-7.536231884057972,True,LG이노텍
2026-02-26,012330,20,398,12.6730564430245,0.3766478342749529,529000,531000,-4.158790170132325,-2.2684310018903595,True,현대모비스
2026-02-26,018880,34,4,5.629139072847678,1.9467213114754098,4785,4880,-1.9853709508881923,-3.0303030303030303,False,한온시스템
2026-02-26,034220,36,24,6.95006747638327,1.2461059190031152,15850,16050,-0.6309148264984227,-9.526813880126182,True,LG디스플레이
2026-02-26,035720,13,40,6.968641114982588,1.4446227929373996,61400,62300,-0.16286644951140067,1.4657980456026058,False,카카오
2026-02-26,036540,21,5,16.317991631799167,3.4722222222222223,8340,8640,-5.515587529976019,-5.275779376498801,True,SFA반도체
2026-02-26,047040,9,2,14.857142857142858,7.373271889400922,10050,10850,0.0,0.8955223880597015,True,대우건설
2026-02-26,058470,46,197,9.876543209876543,2.5547445255474455,106800,109600,-4.868913857677903,-0.5617977528089888,True,리노공업
2026-02-26,066570,11,84,10.052513128282081,1.6096579476861168,146700,149100,-1.3633265167007498,-0.6816632583503749,True,LG전자
2026-02-26,080220,5,14,16.551724137931046,6.972477064220184,50700,54500,-5.226824457593689,0.39447731755424065,True,제주반도체
2026-02-26,086520,6,66,5.136986301369872,3.052631578947368,184200,190000,-2.008686210640608,0.43431053203040176,True,에코프로
2026-02-26,187660,10,10,19.144862795149976,8.255528255528255,18670,20350,1.7139796464916979,0.0,True,페니트리움바이오
2026-02-26,277810,16,559,11.675126903553302,2.6548672566371683,880000,904000,-3.295454545454545,-2.272727272727273,True,레인보우로보틱스
2026-02-26,377300,43,132,6.552262090483629,6.8212824010914055,68300,73300,2.1961932650073206,-2.049780380673499,False,카카오페이
2026-02-26,403870,28,50,5.609756097560981,5.355191256830602,43300,45750,-1.7321016166281753,3.5796766743648964,False,HPSP
2026-02-26,489790,12,54,13.456464379947231,8.898305084745763,86000,94400,-4.767441860465117,-0.6976744186046512,True,한화비전
2026-02-27,000150,42,1052,5.185185185185182,1.3127413127413128,1278000,1295000,-0.6259780907668232,-9.859154929577464,True,두산
2026-02-27,000250,27,624,8.982826948480849,4.069767441860465,825000,860000,-0.9696969696969697,-8.606060606060606,True,삼천당제약
2026-02-27,004020,15,35,19.845360824742265,7.738095238095238,46500,50400,3.870967741935484,-10.967741935483872,True,현대제철
2026-02-27,005380,3,97,10.673234811165845,1.8922852983988356,674000,687000,-2.967359050445104,-11.72106824925816,True,현대차
2026-02-27,006340,38,5,5.928237129485181,9.345794392523365,6790,7490,-2.0618556701030926,-12.665684830633284,True,대원전선
2026-02-27,007660,34,122,7.679324894514772,2.7439024390243905,127600,131200,-1.6457680250783697,-9.87460815047022,False,이수페타시스
2026-02-27,042700,4,66,17.422867513611617,2.706766917293233,323500,332500,-2.936630602782071,-12.828438948995363,True,한미반도체
2026-02-27,051910,23,293,7.051282051282048,1.5330188679245282,417500,424000,-3.7125748502994016,-13.532934131736527,True,LG화학
2026-02-27,178320,31,49,21.611253196930956,3.842264914054601,47550,49450,-2.6288117770767614,-9.989484752891693,True,서진시스템
2026-03-03,011200,27,19,14.754098360655732,1.8036072144288577,24500,24950,-5.714285714285714,-16.3265306122449,False,HMM
2026-03-03,012450,4,300,19.832635983263593,4.021447721179625,1432000,1492000,6.564245810055866,-7.611731843575418,True,한화에어로스페이스
2026-03-03,028670,22,3,17.42424242424243,6.0606060606060606,6200,6600,-2.4193548387096775,-16.93548387096774,True,팬오션
2026-03-03,064350,7,108,8.026030368763548,9.124087591240876,249000,274000,4.417670682730924,-18.87550200803213,True,현대로템
2026-03-03,089030,19,47,10.085836909871237,8.228980322003578,51300,55900,0.0,-0.5847953216374269,False,테크윙
2026-03-03,103140,38,200,12.78065630397236,5.772005772005772,130600,138600,16.539050535987748,-14.165390505359879,False,풍산
2026-03-04,003280,15,1,24.678111587982833,3.488372093023256,2905,3010,-21.17039586919105,-3.098106712564544,True,흥아해운
2026-03-05,000250,23,632,23.410852713178286,5.011933174224343,796000,838000,-0.37688442211055273,-4.0201005025125625,True,삼천당제약
2026-03-05,000270,18,108,6.190172303765151,3.5921205098493627,166400,172600,-3.1850961538461537,0.3605769230769231,False,기아
2026-03-05,000660,2,50,10.83627797408717,5.141129032258065,941000,992000,-3.0818278427205104,-1.8065887353878853,False,SK하이닉스
2026-03-05,000720,41,187,13.475177304964546,3.0303030303030303,144000,148500,-2.5,8.88888888888889,False,현대건설
2026-03-05,005380,4,111,9.381237524950103,5.841924398625429,548000,582000,-2.9197080291970803,0.9124087591240875,False,현대차
2026-03-05,005490,36,412,7.776049766718507,2.3943661971830985,346500,355000,-1.875901875901876,2.0202020202020203,False,POSCO홀딩스
2026-03-05,005930,1,4,11.265969802555166,4.056084126189284,191600,199700,-2.8705636743215033,-1.7745302713987474,False,삼성전자
2026-03-05,005935,9,43,12.020905923344948,2.501895375284306,128600,131900,-3.032659409020218,-0.46656298600311047,False,삼성전자우
2026-03-05,006400,20,284,11.823361823361832,3.562653562653563,392500,407000,-1.019108280254777,4.585987261146497,False,삼성SDI
2026-03-05,006800,17,47,15.397468714448227,5.507845477569794,64918,68702,0.3065405588588681,2.9144459163868266,False,미래에셋증권
2026-03-05,007660,43,164,17.004048582995956,3.1014249790444257,115600,119300,-1.9896193771626298,-0.8650519031141869,False,이수페타시스
2026-03-05,009150,15,241,10.758620689655164,7.912844036697248,401500,436000,0.8717310087173101,0.7471980074719801,False,삼성전기
2026-03-05,010140,47,42,15.74468085106382,1.4492753623188406,27200,27600,-2.7573529411764706,1.4705882352941175,False,삼성중공업
2026-03-05,010950,11,61,6.482213438735185,1.4630577907827358,134700,136700,5.1967334818114335,-3.711952487008166,False,S-Oil
2026-03-05,012330,45,594,8.270676691729317,2.1517553793884483,432000,441500,-1.9675925925925926,2.7777777777777777,False,현대모비스
2026-03-05,015760,37,62,5.817782656421522,4.743083003952568,48200,50600,-2.2821576763485476,1.2448132780082988,False,한국전력
2026-03-05,024060,3,5,10.1010101010101,9.668508287292818,32700,36200,8.409785932721713,-15.59633027522936,True,흥구석유
2026-03-05,034020,14,48,12.28287841191067,2.896995708154506,90500,93200,-2.0994475138121547,8.287292817679557,False,두산에너빌리티
2026-03-05,035420,22,174,5.769230769230771,3.296703296703297,220000,227500,-1.8181818181818181,1.1363636363636365,False,NAVER
2026-03-05,035720,50,81,8.820403825717316,2.2900763358778624,51200,52400,-1.3671875,4.6875,False,카카오
2026-03-05,036930,28,65,24.1635687732342,4.434907010014307,66800,69900,0.29940119760479045,0.4491017964071856,True,주성엔지니어링
2026-03-05,042660,30,127,12.53456221198157,2.0850040096230953,122100,124700,-4.176904176904177,3.7674037674037675,False,한화오션
2026-03-05,042700,8,91,21.62162162162162,2.476780185758514,315000,323000,3.492063492063492,5.873015873015873,False,한미반도체
2026-03-05,047810,31,201,12.933753943217674,3.1385281385281383,179000,184800,-0.9497206703910615,2.4022346368715084,False,한국항공우주
2026-03-05,058470,26,114,20.317145688800785,4.784313725490196,121400,127500,1.3179571663920924,4.612850082372323,True,리노공업
2026-03-05,064350,25,209,11.633663366336645,2.696871628910464,225500,231750,0.8869179600886918,3.325942350332594,False,현대로템
2026-03-05,066570,39,153,5.871559633027523,4.391052195526098,115400,120700,-2.512998266897747,2.2530329289428077,False,LG전자
2026-03-05,068270,48,307,7.14285714285714,2.083333333333333,211500,216000,1.4184397163120568,0.4728132387706856,False,셀트리온
2026-03-05,079550,5,147,23.263327948303726,3.6616161616161618,763000,792000,10.484927916120576,9.305373525557012,True,LIG디펜스앤에어로스페이스
2026-03-05,080220,40,60,21.438263229307996,2.928416485900217,44750,46100,0.5586592178770949,2.569832402234637,False,제주반도체
2026-03-05,086520,10,66,20.17937219730941,4.739336492890995,160800,168800,0.6218905472636816,5.721393034825871,False,에코프로
2026-03-05,090710,44,24,24.78386167146973,3.0597014925373136,12990,13400,0.0,-1.0007698229407236,False,휴림로봇
2026-03-05,096770,32,148,16.055045871559635,3.7290715372907153,126500,131400,3.557312252964427,-1.2648221343873518,False,SK이노베이션
2026-03-05,105560,27,155,8.206245461147432,2.6779882429784454,149000,153100,-3.0201342281879198,-1.0738255033557047,False,KB금융
2026-03-05,196170,35,451,12.04819277108433,4.370179948586118,372000,389000,-2.1505376344086025,0.2688172043010753,False,알테오젠
2026-03-05,240810,49,204,23.53488372093022,4.115523465703971,132800,138500,3.087349397590361,3.7650602409638556,True,원익IPS
2026-03-05,247540,34,236,17.995169082125596,5.145631067961165,195400,206000,-0.4094165813715456,3.6335721596724664,False,에코프로비엠
2026-03-05,267260,42,1066,12.9735935706085,2.284011916583913,984000,1007000,-2.7439024390243905,-1.6260162601626018,False,HD현대일렉트릭
2026-03-05,277810,24,700,18.89204545454546,5.743243243243244,837000,888000,0.0,-0.5973715651135006,True,레인보우로보틱스
2026-03-05,373220,46,532,6.906474820143882,2.74869109947644,371500,382000,0.13458950201884254,1.6150740242261103,False,LG에너지솔루션
2026-03-05,402340,19,360,11.637080867850091,4.713804713804714,566000,594000,-4.770318021201414,-2.2968197879858656,False,SK스퀘어
2026-03-05,403870,38,58,18.445322793148875,4.259850905218317,44950,46950,0.6674082313681869,6.451612903225806,True,HPSP
2026-03-06,000720,26,153,8.888888888888879,0.6337135614702154,156800,157800,-5.994897959183673,-6.63265306122449,False,현대건설
2026-03-06,001510,18,2,10.805388363427927,4.872047244094488,3866,4064,-7.165028453181583,-11.510605276771857,False,SK증권
2026-03-06,009830,6,17,16.666666666666675,5.301645338208409,51800,54700,-1.7374517374517375,-2.5096525096525095,False,한화솔루션
2026-03-06,010820,19,6,16.83937823834196,8.88888888888889,9020,9900,4.767184035476718,-3.9911308203991127,True,퍼스텍
2026-03-06,012450,5,294,7.241129616220121,3.831168831168831,1481000,1540000,2.363268062120189,-3.1735313977042536,True,한화에어로스페이스
2026-03-06,034020,10,44,8.287292817679548,0.20366598778004072,98000,98200,0.6122448979591837,-1.8367346938775513,False,두산에너빌리티
2026-03-06,042700,11,122,5.873015873015874,0.14970059880239522,333500,334000,-8.995502248875562,-8.545727136431784,True,한미반도체
2026-03-06,043260,50,65,21.682847896440126,2.5906735751295336,37600,38600,-5.585106382978723,2.393617021276596,True,성호전자
2026-03-06,078600,29,138,23.236514522821583,3.336045565500407,118800,122900,-4.966329966329966,-2.356902356902357,True,대주전자재료
2026-03-06,079550,4,169,9.305373525557004,7.230255839822025,834000,899000,5.155875299760192,-4.556354916067146,True,LIG디펜스앤에어로스페이스
2026-03-06,086520,12,79,5.721393034825861,2.130109383995394,170000,173700,-5.647058823529412,-3.6470588235294117,False,에코프로
2026-03-06,089030,8,28,7.239819004524883,2.4691358024691357,71100,72900,-8.579465541490858,-3.6568213783403656,True,테크윙
2026-03-06,098460,34,50,8.169934640522868,1.1940298507462688,33100,33500,-5.438066465256798,-10.876132930513595,False,고영
2026-03-06,187660,21,13,13.018181818181818,9.703660662405579,15540,17210,-6.370656370656371,11.840411840411841,False,페니트리움바이오
2026-03-06,222080,44,32,16.96359411309063,0.6578947368421052,15100,15200,-5.894039735099338,-1.3245033112582782,True,씨아이에스
2026-03-06,272210,3,43,5.371352785145889,7.400932400932401,158900,171600,8.93643801132788,2.391441157960982,True,한화시스템
2026-03-06,298380,48,280,7.453416149068315,1.2454592631032693,190300,192700,-4.781923279033105,-0.3152916447714136,False,에이비엘바이오
2026-03-06,403870,28,59,6.451612903225801,1.3402061855670102,47850,48500,-5.956112852664576,-9.090909090909092,True,HPSP
2026-03-06,440110,47,115,7.413010590015134,1.2517385257301807,71000,71900,-5.352112676056338,-9.577464788732394,True,파두
2026-03-06,450080,46,109,12.0253164556962,1.392757660167131,70800,71800,-5.649717514124294,-7.203389830508475,False,에코프로머티
2026-03-06,489790,42,128,9.578544061302674,2.6106696935300793,85800,88100,-8.741258741258742,-7.3426573426573425,True,한화비전
2026-03-09,087010,43,386,8.365019011406849,4.682274247491638,285000,299000,0.3508771929824561,1.4035087719298245,False,펩트론
2026-03-09,117580,20,17,21.229991575400177,6.740116655865197,14390,15430,-15.774843641417652,-14.871438498957609,True,대성에너지
2026-03-09,187660,12,10,11.840411840411846,9.337506520605112,17380,19170,9.321058688147296,4.660529344073648,True,페니트리움바이오
2026-03-10,000660,2,60,12.200956937799035,1.263157894736842,938000,950000,1.7057569296375266,1.812366737739872,False,SK하이닉스
2026-03-10,005930,1,5,8.299711815561949,1.8798955613577024,187900,191500,2.7142096860031932,1.1176157530601383,False,삼성전자
2026-03-10,005935,5,50,10.699588477366252,0.22255192878338279,134500,134800,0.5947955390334573,3.2713754646840147,False,삼성전자우
2026-03-10,006910,26,10,11.255411255411252,7.303877366997296,10280,11090,2.0428015564202333,12.2568093385214,False,보성파워텍
2026-03-10,009150,15,240,5.235602094240832,1.7114914425427872,402000,409000,3.233830845771144,0.9950248756218906,False,삼성전기
2026-03-10,015760,50,99,6.25,1.7543859649122806,47600,48450,4.936974789915967,0.7352941176470588,False,한국전력
2026-03-10,032820,3,2,19.364161849710992,5.922551252847381,20650,21950,4.600484261501211,9.927360774818402,True,우리기술
2026-03-10,034020,4,20,6.548856548856552,2.2878932316491896,102500,104900,1.2682926829268293,-1.4634146341463417,False,두산에너빌리티
2026-03-10,036930,17,61,16.86143572621035,5.787348586810229,70000,74300,1.2857142857142856,-4.285714285714286,True,주성엔지니어링
2026-03-10,042700,12,163,6.229508196721301,3.427719821162444,324000,335500,0.7716049382716049,-3.5493827160493825,True,한미반도체
2026-03-10,044490,37,84,24.68827930174564,2.912621359223301,50000,51500,-1.0,-4.1000000000000005,True,태웅
2026-03-10,047040,44,11,7.491486946651538,3.268641470888662,9470,9790,3.37909186906019,5.068637803590286,False,대우건설
2026-03-10,083650,48,193,7.471852610030716,8.056042031523642,105000,114200,2.571428571428571,-4.380952380952381,True,비에이치아이
2026-03-10,279570,6,1,8.36940836940836,9.518072289156626,7510,8300,2.796271637816245,-0.3994673768308922,,케이뱅크
2026-03-10,402340,22,430,8.840864440078589,2.464788732394366,554000,568000,3.790613718411552,1.9855595667870036,False,SK스퀘어
2026-03-10,403870,40,83,5.057471264367819,3.5864978902953584,45700,47400,2.516411378555799,-4.595185995623632,False,HPSP
2026-03-11,006800,5,30,10.525333872296772,4.161611259403058,71091,74178,0.14066478175859112,-1.3996145784979814,True,미래에셋증권
2026-03-11,006910,15,7,12.256809338521402,7.085346215780998,11540,12420,-0.5199306759098787,-0.6065857885615251,False,보성파워텍
2026-03-11,027360,40,10,19.260700389105057,1.6051364365971106,6130,6230,3.4257748776508974,-1.794453507340946,True,아주IB투자
2026-03-11,032820,3,4,9.927360774818395,3.6093418259023355,22700,23550,0.0,-3.524229074889868,True,우리기술
2026-03-11,042660,8,79,7.395498392282951,5.382436260623229,133600,141200,-0.9730538922155689,2.3203592814371254,False,한화오션
2026-03-11,047040,35,16,5.068637803590281,4.693486590038314,9950,10440,0.0,5.125628140703518,True,대우건설
2026-03-11,138080,48,73,20.669291338582685,5.546995377503852,30650,32450,2.4469820554649266,4.567699836867863,True,오이솔루션
2026-03-11,218410,25,117,19.94645247657296,4.680851063829787,89600,94000,-2.232142857142857,-6.138392857142857,True,RFHIC
2026-03-11,253590,36,36,5.677557579003745,7.370892018779343,19730,21300,0.0,2.889001520527116,True,네오셈
2026-03-11,278470,49,547,5.804311774461035,3.770739064856712,319000,331500,-0.1567398119122257,1.09717868338558,True,에이피알
2026-03-11,295310,47,211,14.526315789473676,5.143853530950305,108800,114700,-3.768382352941176,-1.7463235294117647,True,에이치브이엠
2026-03-12,0009K0,18,70,7.9877112135176676,2.2253129346314324,70300,71900,-2.987197724039829,-1.2802275960170697,False,에임드바이오
2026-03-12,010140,11,20,7.118055555555558,0.32310177705977383,30850,30950,1.1345218800648298,-0.48622366288492713,False,삼성중공업
2026-03-12,047040,21,8,5.12562814070352,4.124656278643447,10460,10910,-1.4340344168260037,17.78202676864245,True,대우건설
2026-03-12,048410,27,25,10.77844311377245,9.75609756097561,16650,18450,4.564564564564565,0.24024024024024024,False,현대바이오
2026-03-12,050890,10,5,5.892399658411618,7.531692766592095,12400,13410,-2.1774193548387095,2.82258064516129,True,쏠리드
2026-03-12,322000,4,43,24.476190476190474,3.399852180339985,130700,135300,-2.6778882938026016,-6.5799540933435345,True,HD현대에너지솔루션
2026-03-12,336260,35,88,12.530413625304138,3.039832285115304,46250,47700,3.3513513513513513,-0.43243243243243246,True,두산퓨얼셀
2026-03-12,380540,34,6,24.103831891223738,4.380952380952381,5020,5250,-1.394422310756972,-5.9760956175298805,True,옵티코어
2026-03-12,486990,50,104,19.168900804289546,1.441241685144124,44450,45100,-3.59955005624297,2.924634420697413,False,노타
2026-03-13,000720,10,115,5.587668593448947,2.72189349112426,164400,169000,1.2165450121654502,-2.9197080291970803,True,현대건설
2026-03-13,008350,45,2,14.350797266514803,6.691449814126393,1506,1614,6.042496679946879,13.87782204515272,True,남선알미늄
2026-03-13,032820,3,4,11.64383561643836,2.004008016032064,24450,24950,3.067484662576687,-1.8404907975460123,True,우리기술
2026-03-13,039980,28,12,16.5261958997722,9.114328862041395,10231,11257,1.4759065584986806,-5.326947512462125,False,폴라리스AI
2026-03-13,047040,4,3,17.782026768642446,9.07749077490775,12320,13550,3.0844155844155843,-2.75974025974026,True,대우건설
2026-03-13,052690,41,274,6.407185628742518,3.002183406113537,177700,183200,2.9825548677546427,-2.9825548677546427,True,한전기술
2026-03-13,141080,33,268,9.417528579205236,4.739336492890995,201000,211000,1.4925373134328357,0.0,True,리가켐바이오
2026-03-13,347850,39,146,15.375000000000005,1.8085106382978722,92300,94000,0.43336944745395445,-5.092091007583965,False,디앤디파마텍
2026-03-13,417200,6,7,22.127204703367177,5.967078189300412,22850,24300,0.0,-5.689277899343545,True,LS머트리얼즈
2026-03-13,452280,38,31,16.51440618411806,7.218802462227196,16580,17870,0.0,-0.7840772014475271,True,한선엔지니어링
2026-03-13,475150,9,27,5.35475234270415,9.954233409610984,39350,43700,4.447268106734435,-2.2871664548919948,True,SK이터닉스
2026-03-13,476830,36,272,7.238307349665929,4.653465346534653,192600,202000,1.9210799584631362,0.6749740394600208,,알지노믹스
2026-03-16,000660,2,64,7.03296703296703,0.10256410256410256,974000,975000,3.5934291581108826,-0.41067761806981523,False,SK하이닉스
2026-03-16,0007C0,39,84,6.534422403733964,5.827746260959257,45650,48475,1.7524644030668126,-1.9715224534501645,,아크릴
2026-03-16,005860,49,14,6.651108518086346,7.489878542510121,4570,4940,-5.361050328227571,-3.938730853391685,True,한일사료
2026-03-16,005880,8,2,14.318181818181808,9.2057761732852,2515,2770,-5.36779324055666,-5.7654075546719685,False,대한해운
2026-03-16,008350,19,3,13.877822045152733,7.297297297297297,1715,1850,-3.381924198250729,-2.39067055393586,True,남선알미늄
2026-03-16,027360,38,16,6.565656565656575,8.920863309352518,6330,6950,1.7377567140600316,18.167456556082147,True,아주IB투자
2026-03-16,046120,27,19,17.9245283018868,6.103286384976526,10000,10650,6.1,-5.8999999999999995,True,오르비텍
2026-03-16,087010,45,559,6.208053691275173,4.954954954954955,316500,333000,0.9478672985781991,-1.7377567140600316,False,펩트론
2026-03-16,095340,42,392,18.662351672060407,2.6548672566371683,220000,226000,-1.1363636363636365,-4.090909090909091,True,ISC
2026-03-16,321370,24,5,24.70837751855779,4.0,4704,4900,1.6581632653061225,-3.6139455782312924,True,센서뷰
2026-03-16,402340,15,423,5.243445692883886,1.5761821366024518,562000,571000,4.804270462633451,4.448398576512456,False,SK스퀘어
2026-03-17,000390,15,10,18.790496760259188,8.5619285120532,11000,12030,2.6363636363636362,-0.5454545454545455,False,SP삼화
2026-03-17,007660,36,194,8.034026465028354,3.7068239258635214,114300,118700,3.4120734908136483,9.448818897637794,False,이수페타시스
2026-03-17,009150,9,236,8.111380145278456,1.5435501653803747,446500,453500,3.5834266517357225,3.9193729003359463,False,삼성전기
2026-03-17,009830,11,41,7.383279044516833,5.449330783938815,49450,52300,2.932254802831143,2.730030333670374,False,한화솔루션
2026-03-17,027360,12,4,18.16745655608214,4.713375796178345,7480,7850,1.8716577540106951,0.267379679144385,True,아주IB투자
2026-03-17,047810,23,220,5.648535564853563,2.1791767554479415,202000,206500,-0.24752475247524752,-3.8118811881188117,True,한국항공우주
2026-03-17,090710,8,5,12.374581939799324,7.118175535590877,13440,14470,2.6785714285714284,10.788690476190476,False,휴림로봇
2026-03-17,131970,41,161,13.598901098901095,6.974128233970754,82700,88900,3.6275695284159615,5.562273276904474,True,두산테스나
2026-03-17,307750,34,6,19.011815252416753,7.666666666666666,5540,6000,-1.083032490974729,-6.4981949458483745,True,국전
2026-03-17,475150,26,61,5.721716514954478,2.867383512544803,40650,41850,6.027060270602706,4.797047970479705,True,SK이터닉스
2026-03-18,000660,2,79,8.865979381443289,0.37735849056603776,1056000,1060000,-4.545454545454546,-4.071969696969697,False,SK하이닉스
2026-03-18,000720,19,194,5.652173913043468,2.0161290322580645,170100,173600,-1.646090534979424,-0.3527336860670194,True,현대건설
2026-03-18,001510,18,5,8.691885648281827,5.284348263714142,3764,3974,-3.2146652497343253,15.94048884165781,False,SK증권
2026-03-18,005930,1,14,7.529654461062396,0.23923444976076555,208500,209000,-4.124700239808154,-3.8369304556354913,False,삼성전자
2026-03-18,005935,5,63,5.7446808510638325,0.10050251256281408,149100,149250,-3.6217303822937628,-3.286384976525822,True,삼성전자우
2026-03-18,006340,16,6,14.991181657848319,3.5502958579881656,6520,6760,-3.52760736196319,0.0,False,대원전선
2026-03-18,007660,20,148,9.4488188976378,0.47732696897374705,125100,125700,-3.8369304556354913,3.5171862509992007,False,이수페타시스
2026-03-18,010120,41,295,9.317585301837262,0.7151370679380215,166600,167800,-1.680672268907563,4.8019207683073235,True,LS ELECTRIC
2026-03-18,028260,34,446,6.976744186046502,1.8062397372742198,299000,304500,-3.3444816053511706,-2.6755852842809364,False,삼성물산
2026-03-18,032820,3,4,21.57676348547717,1.6778523489932886,29300,29800,-1.7064846416382253,-1.1945392491467577,True,우리기술
2026-03-18,032830,43,407,8.294930875576046,4.276985743380855,235000,245500,-2.3404255319148937,-1.9148936170212765,False,삼성생명
2026-03-18,041020,49,16,10.609037328094306,5.378151260504202,5630,5950,-2.841918294849023,-6.74955595026643,False,폴라리스오피스
2026-03-18,047040,4,3,22.791081750619323,3.1270358306188926,14870,15350,-2.0847343644922667,8.742434431741762,True,대우건설
2026-03-18,088350,31,10,9.603340292275565,4.021937842778794,5250,5470,-4.380952380952381,-6.095238095238095,False,한화생명
2026-03-18,090710,7,7,10.788690476190466,2.10387902695595,14890,15210,-2.0147750167897915,-3.760913364674278,False,휴림로봇
2026-03-18,298040,45,1703,7.2663000785545995,1.0865628395508875,2731000,2761000,-3.2588795313072136,-1.3914317099963385,False,효성중공업
2026-03-18,353200,24,108,11.309523809523814,1.0582010582010581,74800,75600,-3.2085561497326207,3.342245989304813,True,대덕전자
2026-03-18,402340,12,423,7.325383304940369,1.098901098901099,630000,637000,-3.8095238095238098,-3.015873015873016,False,SK스퀘어
2026-03-18,403870,6,31,13.50737797956867,2.7237354085603114,50000,51400,-3.4000000000000004,3.4000000000000004,True,HPSP
2026-03-18,412350,44,20,19.129082426127518,7.599517490952954,7660,8290,-6.396866840731071,-7.310704960835509,True,레이저쎌
2026-03-18,476830,13,180,5.274488697524227,6.18705035971223,195600,208500,-1.2269938650306749,9.406952965235174,,알지노믹스
2026-03-19,001510,5,1,15.940488841657817,5.00653025685677,4364,4594,2.5206232813932172,18.583868010999083,True,SK증권
2026-03-19,010170,29,14,5.120910384068278,0.8053691275167786,7390,7450,5.142083897158322,0.6765899864682002,False,대한광통신
2026-03-19,033160,42,51,22.560553633217985,2.1006080707573247,17710,18090,0.2258610954263128,2.0327498588368154,True,엠케이전자
2026-03-19,046120,33,31,10.685483870967749,8.5,10980,12000,7.468123861566485,24.772313296903462,True,오르비텍
2026-03-19,047040,3,3,8.742434431741763,6.260869565217392,16170,17250,4.267161410018553,18.181818181818183,True,대우건설
2026-03-19,053050,45,8,19.675090252707573,7.66016713091922,3315,3590,1.9607843137254901,-6.93815987933635,False,지에스이
2026-03-19,112610,43,141,9.81387478849407,3.566121842496285,64900,67300,4.776579352850539,1.848998459167951,True,씨에스윈드
2026-03-19,140410,14,90,13.805970149253731,5.181347150259067,91500,96500,5.027322404371585,0.1092896174863388,False,메지온
2026-03-19,475150,6,30,26.056338028169023,1.8281535648994516,53700,54700,15.27001862197393,11.54562383612663,True,SK이터닉스
2026-03-19,476830,26,253,9.40695296523517,4.0358744394618835,214000,223000,-1.8691588785046727,0.23364485981308408,,알지노믹스
2026-03-19,490470,44,77,7.204116638078895,3.400309119010819,31250,32350,1.44,-1.1199999999999999,,세미파이브
2026-03-20,000250,10,432,14.088050314465406,5.026178010471204,907000,955000,2.535832414553473,3.7486218302094816,True,삼천당제약
2026-03-20,001510,4,1,18.583868010999094,7.523230879199429,5175,5596,-0.7729468599033816,-8.115942028985506,True,SK증권
2026-03-20,003380,47,39,17.218543046357617,2.7472527472527473,17700,18200,-3.954802259887006,-13.559322033898304,False,하림지주
2026-03-20,006360,25,43,22.543352601156073,2.7522935779816518,31800,32700,6.132075471698113,0.15723270440251574,True,GS건설
2026-03-20,006910,26,20,6.023102310231021,4.955621301775148,12850,13520,-2.5680933852140075,-11.828793774319065,True,보성파워텍
2026-03-20,036930,12,57,19.344262295081972,7.261146496815287,72800,78500,-1.7857142857142856,-1.7857142857142856,True,주성엔지니어링
2026-03-20,044490,36,92,26.490066225165563,2.5510204081632653,57300,58800,-1.7452006980802792,-8.027923211169284,True,태웅
2026-03-20,046120,30,21,24.77231329690346,1.2968299711815563,13700,13880,-4.087591240875913,2.116788321167883,True,오르비텍
2026-03-20,047040,3,2,18.181818181818187,1.6469377251672672,19110,19430,3.2443746729461016,-10.727367870225013,True,대우건설
2026-03-20,105840,34,52,19.311663479923524,1.5772870662460567,31200,31700,-1.9230769230769231,-12.179487179487179,True,우진
2026-03-20,178320,29,71,5.726872246696035,3.225806451612903,48000,49600,-3.125,-7.8125,True,서진시스템
2026-03-20,353200,40,150,7.11513583441139,4.055619930475087,82800,86300,-2.7777777777777777,-4.3478260869565215,True,대덕전자
2026-03-20,417200,19,32,6.526315789473691,6.296296296296296,25300,27000,-2.371541501976284,-9.683794466403162,True,LS머트리얼즈
2026-03-23,003280,4,1,19.636963696369648,5.475880052151238,3625,3835,-14.482758620689657,-4.689655172413794,True,흥아해운
2026-03-23,098070,40,120,25.678496868475985,3.215434083601286,60200,62200,-6.976744186046512,-11.627906976744185,True,한텍
2026-03-23,100090,11,30,7.240704500978468,9.421487603305785,27400,30250,0.9124087591240875,-8.576642335766424,False,SK오션플랜트
2026-03-23,217590,49,72,18.432203389830516,3.454231433506045,27950,28950,-1.6100178890876566,-13.416815742397137,True,티엠씨
2026-03-24,000660,2,68,5.680600214362275,0.8048289738430584,986000,994000,3.0425963488843815,0.9127789046653144,False,SK하이닉스
2026-03-24,006400,25,432,5.5776892430278835,1.3647642679900744,397500,403000,0.8805031446540881,1.6352201257861636,False,삼성SDI
2026-03-24,010170,15,10,12.244897959183664,1.1976047904191618,8250,8350,3.0303030303030303,11.15151515151515,True,대한광통신
2026-03-24,036930,7,47,8.251748251748259,9.684947491248542,77400,85700,-0.516795865633075,-4.909560723514212,True,주성엔지니어링
2026-03-24,050890,31,26,7.679870654810017,1.6974169741697416,13320,13550,2.4774774774774775,19.444444444444446,True,쏠리드
2026-03-24,066970,34,206,11.507582515611059,2.7237354085603114,125000,128500,2.4,16.24,False,엘앤에프
2026-03-24,068270,47,348,6.001062134891133,1.9164619164619165,199600,203500,1.2024048096192386,1.9539078156312624,False,셀트리온
2026-03-24,082920,46,73,12.006861063464846,9.806629834254144,32650,36200,-2.6033690658499236,9.80091883614089,True,비츠로셀
2026-03-24,086520,24,196,6.733524355300857,2.1667760998030205,149000,152300,1.6107382550335572,1.5436241610738255,False,에코프로
2026-03-24,178320,11,44,11.186440677966104,3.149606299212598,49200,50800,0.6097560975609756,-0.40650406504065045,True,서진시스템
2026-03-24,196170,50,562,7.564296520423608,1.1126564673157162,355500,359500,-0.9845288326300985,0.8438818565400843,False,알테오젠
2026-03-24,240810,22,159,15.920826161790025,2.6030368763557483,134700,138300,0.8166295471417966,-3.192279138827023,True,원익IPS
2026-03-24,373220,18,364,10.25280898876404,0.0,392500,392500,-0.12738853503184713,0.3821656050955414,False,LG에너지솔루션
2026-03-24,402340,9,351,6.8222621184919285,0.5016722408026756,595000,598000,3.1932773109243695,1.680672268907563,False,SK스퀘어
2026-03-24,450080,45,137,11.475409836065564,1.4492753623188406,68000,69000,0.5882352941176471,3.5294117647058822,False,에코프로머티
2026-03-25,000250,10,604,19.12393162393162,2.4496937882764653,1115000,1143000,3.1390134529147984,3.856502242152467,True,삼천당제약
2026-03-25,000720,36,266,5.336891260840559,2.470660901791229,157900,161900,0.06333122229259025,-3.4832172260924636,False,현대건설
2026-03-25,006800,12,53,10.14729950900164,2.1802325581395348,67300,68800,3.566121842496285,-2.9717682020802374,False,미래에셋증권
2026-03-25,010170,11,5,11.151515151515156,3.4736842105263155,9170,9500,0.21810250817884408,1.4176663031624863,True,대한광통신
2026-03-25,011070,44,558,7.191780821917804,1.5723270440251573,313000,318000,-0.9584664536741214,-3.1948881789137378,False,LG이노텍
2026-03-25,050890,3,2,19.444444444444443,3.341433778857837,15910,16460,-3.268384663733501,-9.868007542426147,True,쏠리드
2026-03-25,064350,28,248,7.195053400786966,0.6253256904637832,190700,191900,1.2060828526481384,-0.47194546407970633,False,현대로템
2026-03-25,066970,13,119,16.24000000000001,1.8243243243243243,145300,148000,-0.7570543702684102,-0.5505849965588437,True,엘앤에프
2026-03-25,069540,45,3,15.267175572519086,7.786259541984733,3020,3275,3.9735099337748347,0.8278145695364238,True,빛과전자
2026-03-25,079550,7,356,14.50858034321374,1.476510067114094,734000,745000,2.7247956403269753,0.13623978201634876,False,LIG디펜스앤에어로스페이스
2026-03-25,138080,50,97,21.994134897360706,5.454545454545454,41600,44000,1.4423076923076923,-3.9663461538461537,True,오이솔루션
2026-03-25,263750,9,38,23.341523341523352,4.015296367112811,50200,52300,9.362549800796813,1.1952191235059761,False,펄어비스
2026-03-25,267260,39,1049,7.243243243243236,0.5015045135406219,992000,997000,-0.10080645161290322,-2.721774193548387,False,HD현대일렉트릭
2026-03-25,272210,24,168,7.305577376276506,0.0,136600,136600,0.07320644216691069,-5.051244509516837,False,한화시스템
2026-03-25,298040,21,1402,10.699740836727134,1.1570247933884297,2990000,3025000,0.26755852842809363,-4.3478260869565215,True,효성중공업
2026-03-25,353200,26,117,14.175257731958757,1.5555555555555556,88600,90000,-2.595936794582393,-1.0158013544018059,True,대덕전자
2026-03-25,368770,23,33,7.962529274004693,3.7578288100208765,23050,23950,0.0,-8.676789587852495,True,파이버프로
2026-03-25,375500,17,62,14.925373134328357,6.351351351351352,69300,74000,0.0,-4.184704184704184,True,DL이앤씨
2026-03-25,475150,30,84,10.81081081081081,3.040540540540541,57400,59200,-2.4390243902439024,-6.2717770034843205,False,SK이터닉스
2026-03-25,489790,18,89,11.686746987951802,5.3115423901940755,92700,97900,-2.157497303128371,-10.140237324703344,True,한화비전
2026-03-26,024060,23,33,9.090909090909083,4.545454545454546,21000,22000,4.0476190476190474,-5.095238095238095,False,흥구석유
2026-03-26,038110,16,3,21.03004291845494,6.0,4230,4500,7.328605200945626,-3.4278959810874707,True,에코플라스틱
2026-03-26,100090,8,25,14.570858283433141,4.013377926421405,28700,29900,-5.7491289198606275,-6.445993031358885,False,SK오션플랜트
2026-03-26,108860,11,11,23.7989652623799,4.721274175199089,16750,17580,-4.477611940298507,-5.432835820895522,True,셀바스AI
2026-03-26,196170,12,284,6.2761506276150625,4.630788485607009,381000,399500,1.0498687664041995,0.0,False,알테오젠
2026-03-26,347700,21,70,8.559046587215601,8.576642335766424,50100,54800,-2.7944111776447107,1.5968063872255487,True,스피어
2026-03-27,011070,35,451,5.775577557755773,0.6201550387596899,320500,322500,-5.14820592823713,-3.9001560062402496,False,LG이노텍
2026-03-27,047040,3,6,8.553459119496853,1.8760659465605456,17260,17590,-4.055619930475087,0.4634994206257242,False,대우건설
2026-03-27,066970,14,153,7.474048442906578,1.9570707070707072,155300,158400,-0.8370895041854475,0.38634900193174504,True,엘앤에프
2026-03-27,100790,4,14,15.221238938053094,1.5128593040847202,32550,33050,-3.225806451612903,-8.141321044546851,True,미래에셋벤처투자
2026-03-27,263750,8,39,15.748031496062985,1.8363939899833055,58800,59900,8.503401360544217,14.965986394557824,False,펄어비스
2026-03-27,450080,37,149,5.007153075822601,1.476510067114094,73400,74500,-2.861035422343324,-1.7711171662125342,False,에코프로머티
2026-03-30,000250,6,531,6.570657065706564,3.9740470397404706,1184000,1233000,-3.885135135135135,-29.98310810810811,True,삼천당제약
2026-03-30,0088M0,29,73,9.057071960297769,8.342022940563085,43950,47950,-0.6825938566552902,-12.059158134243459,,메쥬
2026-03-30,037030,14,3,18.0952380952381,8.55457227138643,6200,6780,-3.225806451612903,-15.806451612903224,True,파워넷
2026-03-30,038110,26,5,5.263157894736836,9.090909090909092,4300,4730,2.558139534883721,-13.72093023255814,True,에코플라스틱
2026-03-30,053690,45,71,16.858237547892728,6.00924499229584,30500,32450,-3.278688524590164,-11.80327868852459,True,한미글로벌
2026-03-30,263750,9,55,14.965986394557817,2.7338129496402876,67600,69500,-1.6272189349112427,2.0710059171597637,True,펄어비스
2026-03-30,322000,7,95,9.659090909090917,6.763285024154589,135100,144900,1.924500370096225,2.9607698001480385,True,HD현대에너지솔루션
2026-03-30,375500,50,151,5.167173252279644,1.9830028328611897,69200,70600,4.479768786127168,-3.4682080924855487,True,DL이앤씨
2026-03-30,475150,21,69,10.49618320610688,1.530612244897959,57900,58800,4.8359240069084635,-6.217616580310881,False,SK이터닉스
2026-03-31,001780,47,7,23.77622377622377,3.102189781021898,2655,2740,-10.734463276836157,-9.03954802259887,True,알루코
2026-03-31,005880,27,3,5.973451327433632,5.893909626719057,2395,2545,-5.427974947807933,0.8350730688935281,False,대한해운
2026-03-31,028050,24,65,7.36842105263158,4.672897196261682,35700,37450,4.481792717086835,6.162464985994398,False,삼성E&A
2026-04-01,000270,32,232,6.955922865013764,1.0828025477707006,155300,157000,1.674179008370895,-3.0264005151320026,False,기아
2026-04-01,000660,2,44,10.656753407682773,1.3259668508287292,893000,905000,2.127659574468085,-7.054871220604703,False,SK하이닉스
2026-04-01,000720,26,199,12.526389866291353,1.1742892459826948,159900,161800,3.4396497811131956,-6.941838649155723,False,현대건설
2026-04-01,001510,21,4,16.58973662774912,2.275830678197542,4294,4394,1.1644154634373545,-10.852352119236143,False,SK증권
2026-04-01,003230,35,1180,9.666666666666668,0.30303030303030304,1316000,1320000,-0.5319148936170213,-3.2674772036474162,False,삼양식품
2026-04-01,005380,8,252,9.539842873176196,0.9137055837563453,488000,492500,2.2540983606557377,-4.610655737704918,False,현대차
2026-04-01,005930,1,8,13.397129186602875,0.628930817610063,189600,190800,1.5822784810126582,-5.9071729957805905,False,삼성전자
2026-04-01,005935,10,70,11.842105263157897,0.7009345794392523,127500,128400,0.39215686274509803,-6.980392156862745,False,삼성전자우
2026-04-01,006400,16,313,5.882352941176472,0.4608294930875576,432000,434000,0.5787037037037037,2.5462962962962963,False,삼성SDI
2026-04-01,006800,23,71,8.116883116883123,2.4890190336749636,66600,68300,1.6516516516516515,-7.5075075075075075,False,미래에셋증권
2026-04-01,009150,22,395,9.079754601226986,1.441241685144124,444500,451000,-0.11248593925759282,-6.186726659167604,False,삼성전기
2026-04-01,009540,49,587,8.284883720930235,1.5852047556142668,372500,378500,0.9395973154362416,-5.906040268456376,False,HD한국조선해양
2026-04-01,010120,50,304,10.584958217270191,1.9753086419753085,158800,162000,4.030226700251889,-4.408060453400504,False,LS ELECTRIC
2026-04-01,010140,30,42,10.429447852760742,1.4598540145985401,27000,27400,6.481481481481481,-0.3703703703703704,False,삼성중공업
2026-04-01,011070,29,423,16.865417376490633,1.4367816091954022,343000,348000,-1.749271137026239,-4.227405247813411,True,LG이노텍
2026-04-01,012450,17,772,6.725380304243389,2.272727272727273,1333000,1364000,6.151537884471118,6.301575393848462,False,한화에어로스페이스
2026-04-01,027360,34,16,15.394088669950733,3.202479338842975,9370,9680,2.6680896478121667,-6.296691568836713,True,아주IB투자
2026-04-01,028050,47,69,6.162464985994398,0.7853403141361256,37900,38200,2.3746701846965697,-7.387862796833773,False,삼성E&A
2026-04-01,032820,11,14,8.088235294117641,4.751619870410368,22050,23150,4.081632653061225,-6.349206349206349,False,우리기술
2026-04-01,034020,15,72,8.496732026143782,0.796812749003984,99600,100400,0.9036144578313252,-6.024096385542169,False,두산에너빌리티
2026-04-01,042660,48,236,5.657237936772042,0.0,127000,127000,2.5196850393700787,-6.062992125984252,False,한화오션
2026-04-01,042700,24,301,8.964143426294813,0.5454545454545455,273500,275000,2.5594149908592323,-6.39853747714808,False,한미반도체
2026-04-01,047040,3,3,24.951768488745984,2.2635814889336014,19430,19880,1.1322696860524961,-15.388574369531652,True,대우건설
2026-04-01,047810,31,257,14.086217364905895,1.05318588730911,187900,189900,0.4789781798829164,-1.9691325172964342,False,한국항공우주
2026-04-01,050890,19,13,15.36025336500395,4.333552199606041,14570,15230,1.7158544955387784,3.431708991077557,False,쏠리드
2026-04-01,064350,44,324,11.386430678466075,1.0482180293501049,188800,190800,5.13771186440678,6.726694915254237,False,현대로템
2026-04-01,086520,40,254,6.88172043010753,1.2582781456953642,149100,151000,1.4084507042253522,-4.493628437290409,False,에코프로
2026-04-01,100090,28,41,9.124767225325892,4.5602605863192185,29300,30700,-3.0716723549488054,-3.242320819112628,True,SK오션플랜트
2026-04-01,100790,27,39,6.168224299065428,6.270627062706271,28400,30300,2.8169014084507045,-9.330985915492958,False,미래에셋벤처투자
2026-04-01,218410,38,163,25.6,0.211864406779661,94200,94400,3.9278131634819533,-8.280254777070063,True,RFHIC
2026-04-01,272210,12,93,12.883435582822077,4.874446085672083,128800,135400,1.4751552795031055,0.3105590062111801,False,한화시스템
2026-04-01,353200,46,175,14.732724902216422,1.4557670772676372,88000,89300,0.0,-8.75,True,대덕전자
2026-04-01,375500,39,132,8.532934131736525,2.684563758389262,72500,74500,3.0344827586206895,-6.068965517241379,True,DL이앤씨
2026-04-01,376900,45,262,18.509615384615373,3.836150845253576,147900,153800,0.878972278566599,-7.6402974983096685,True,로킷헬스케어
2026-04-01,402340,9,273,7.395498392282951,2.7184466019417477,501000,515000,2.5948103792415167,-6.287425149700598,False,SK스퀘어
2026-04-02,003280,3,1,20.485175202156334,6.777893639207508,4470,4795,-7.829977628635347,-8.501118568232663,True,흥아해운
2026-04-02,012450,9,577,6.3015753938484576,4.127198917456021,1417000,1478000,0.07057163020465773,2.2582921665490474,False,한화에어로스페이스
2026-04-02,024060,14,21,17.53528773072748,5.664488017429194,21650,22950,0.23094688221709006,1.6166281755196306,False,흥구석유
2026-04-02,033790,45,23,19.260204081632647,0.0,9350,9350,1.6042780748663104,9.518716577540106,True,피노
2026-04-02,047050,50,166,5.019815059445176,1.2422360248447204,79500,80500,-0.7547169811320755,7.044025157232705,True,포스코인터내셔널
2026-04-02,064350,16,153,6.726694915254239,5.39906103286385,201500,213000,0.24813895781637718,4.218362282878412,False,현대로템
2026-04-02,066970,13,106,9.633649932157384,5.662580268534734,161600,171300,2.7846534653465347,2.9702970297029703,True,엘앤에프
2026-04-02,322000,15,110,7.613469985358701,3.606557377049181,147000,152500,-1.3605442176870748,30.0,True,HD현대에너지솔루션
2026-04-03,000250,11,320,6.403940886699511,2.1148036253776437,648000,662000,5.092592592592593,-4.62962962962963,False,삼천당제약
2026-04-03,000660,2,91,5.542168674698789,1.1286681715575622,876000,886000,0.1141552511415525,1.141552511415525,False,SK하이닉스
2026-04-03,009150,12,246,9.35251798561152,1.4054054054054055,456000,462500,-0.10964912280701754,1.3157894736842104,False,삼성전기
2026-04-03,009830,10,33,9.69101123595506,6.129807692307692,39050,41600,1.6645326504481435,-2.3047375160051216,False,한화솔루션
2026-04-03,010060,47,380,11.951219512195133,2.3404255319148937,229500,235000,-3.2679738562091507,-5.664488017429194,True,OCI홀딩스
2026-04-03,010170,3,3,25.889328063241113,2.7480916030534353,12740,13100,3.610675039246468,6.671899529042387,True,대한광통신
2026-04-03,010820,44,23,24.897400820793436,1.827956989247312,9130,9300,-1.4238773274917853,-13.362541073384445,True,퍼스텍
2026-04-03,011930,6,1,25.27272727272727,3.6363636363636362,3445,3575,0.8708272859216255,3.7735849056603774,True,신성이엔지
2026-04-03,028050,15,42,15.527065527065531,3.4523809523809526,40550,42000,6.041923551171394,12.577065351418002,True,삼성E&A
2026-04-03,033790,46,27,9.51871657754011,4.744186046511628,10240,10750,1.07421875,0.87890625,True,피노
2026-04-03,042660,32,179,7.292539815590948,1.0819165378670788,128000,129400,-0.9375,-4.6875,False,한화오션
2026-04-03,047050,37,132,7.044025157232703,2.408256880733945,85100,87200,-1.1750881316098707,-5.287896592244419,True,포스코인터내셔널
2026-04-03,050890,13,14,8.161911081619099,6.42939150401837,16300,17420,0.5521472392638037,-4.049079754601228,True,쏠리드
2026-04-03,079550,4,221,9.693877551020403,3.6954087346024638,860000,893000,-0.46511627906976744,-5.813953488372093,True,LIG디펜스앤에어로스페이스
2026-04-03,100090,18,34,6.525573192239853,4.430379746835443,30200,31600,-1.6556291390728477,-5.132450331125828,True,SK오션플랜트
2026-04-03,100790,30,51,6.601941747572826,7.885906040268456,27450,29800,0.7285974499089253,0.36429872495446264,False,미래에셋벤처투자
2026-04-03,112610,31,113,18.489984591679498,3.1486146095717884,76900,79400,-1.8205461638491547,-4.681404421326398,True,씨에스윈드
2026-04-03,329180,14,264,9.22551252847381,2.142857142857143,479500,490000,-0.6256517205422315,-1.7726798748696557,False,HD현대중공업
2026-04-03,375500,24,89,10.13215859030836,6.60024906600249,75000,80300,4.266666666666667,2.933333333333333,True,DL이앤씨
2026-04-03,475150,5,25,24.0,1.5873015873015872,68200,69300,-3.225806451612903,-9.090909090909092,True,SK이터닉스
2026-04-06,0010F0,14,14,22.05071664829108,6.106870229007633,11070,11790,-7.4074074074074066,-8.581752484191508,,보원케미칼
2026-04-06,001250,30,9,16.403785488959,4.651162790697675,3690,3870,-2.168021680216802,-6.775067750677506,True,GS글로벌
2026-04-06,001780,45,11,13.934426229508201,4.137931034482759,2780,2900,-3.41726618705036,-6.654676258992806,True,알루코
2026-04-06,008350,8,1,18.00554016620499,6.986899563318777,2130,2290,-3.9906103286384975,2.3474178403755865,True,남선알미늄
2026-04-06,010170,4,3,6.671899529042391,8.607935440484196,13590,14870,0.07358351729212656,-6.990434142752024,True,대한광통신
2026-04-06,018470,36,4,12.7808988764045,8.070978820835718,1606,1747,-2.179327521793275,-4.919053549190536,False,조일알미늄
2026-04-06,028050,7,34,12.577065351418003,4.29769392033543,45650,47700,12.376779846659366,4.70974808324206,True,삼성E&A
2026-04-06,049080,23,5,16.870415647921753,9.981167608286253,2390,2655,6.066945606694561,0.41841004184100417,True,기가레인
2026-04-06,103140,17,116,12.913223140495877,8.382229673093043,109300,119300,-1.0064043915827996,-6.587374199451052,False,풍산
2026-04-07,0007C0,37,75,19.33438985736926,5.7571964956195245,37650,39950,3.851261620185923,-0.6640106241699867,False,아크릴
2026-04-07,012450,10,627,6.000000000000005,0.517799352750809,1537000,1545000,-1.951854261548471,-3.4482758620689653,True,한화에어로스페이스
2026-04-07,024060,4,18,9.85576923076923,8.048289738430583,22850,24850,-19.212253829321664,-17.549234135667398,False,흥구석유
2026-04-07,066970,11,113,8.440797186400939,5.273937532002048,185000,195300,3.6756756756756754,-0.48648648648648646,True,엘앤에프
2026-04-07,321260,39,7,18.36734693877551,8.517350157728707,2900,3170,4.655172413793104,-4.655172413793104,True,프로이천
2026-04-07,394420,49,69,12.380952380952381,8.880308880308881,23600,25900,-1.2711864406779663,2.5423728813559325,,리센스메디컬
2026-04-07,450080,5,45,6.095791001451389,7.233502538071066,73100,78800,4.240766073871409,4.7879616963064295,True,에코프로머티
2026-04-08,000150,31,1113,14.775977121067685,1.6339869281045754,1204000,1224000,-0.9966777408637874,7.55813953488372,False,두산
2026-04-08,000270,32,267,5.57029177718833,0.5,159200,160000,0.06281407035175879,-5.464824120603015,False,기아
2026-04-08,000660,2,54,12.772925764192134,2.178030303030303,1033000,1056000,-1.7424975798644726,-3.3881897386253628,False,SK하이닉스
2026-04-08,000720,4,62,21.039127645926882,4.889112903225806,188700,198400,-3.2856385797562266,-2.808691043985162,True,현대건설
2026-04-08,001440,47,81,11.545293072824148,0.31746031746031744,31400,31500,-1.4331210191082804,-3.1847133757961785,False,대한전선
2026-04-08,005380,9,240,7.3995771670190225,0.39215686274509803,508000,510000,0.39370078740157477,-3.6417322834645667,False,현대차
2026-04-08,005930,1,7,7.124681933842236,1.8648018648018647,210500,214500,-1.66270783847981,-3.0878859857482186,False,삼성전자
2026-04-08,005935,7,80,6.64629488158901,0.6405693950177936,139600,140500,-1.002865329512894,-1.361031518624642,False,삼성전자우
2026-04-08,006800,24,114,10.08130081300813,0.4411764705882353,67700,68000,-1.1816838995568686,0.0,False,미래에셋증권
2026-04-08,007660,45,245,13.301886792452834,0.5794701986754967,120100,120800,-1.9150707743547042,-1.8318068276436303,False,이수페타시스
2026-04-08,009150,14,313,12.472647702406991,1.7208413001912046,514000,523000,-0.38910505836575876,0.38910505836575876,True,삼성전기
2026-04-08,009830,43,99,8.479138627187076,0.8610086100861009,40300,40650,-1.7369727047146404,-0.620347394540943,False,한화솔루션
2026-04-08,010130,10,554,7.603530210454856,0.6892230576441103,1585000,1596000,0.2523659305993691,-3.722397476340694,False,고려아연
2026-04-08,010170,5,2,16.218354430379755,3.2916392363396976,14690,15190,-0.2722940776038121,-3.4717494894486043,True,대한광통신
2026-04-08,015760,38,101,10.025062656641603,2.2271714922048997,43900,44900,0.5694760820045558,-1.1389521640091116,False,한국전력
2026-04-08,017670,35,159,9.068627450980383,0.5586592178770949,89000,89500,4.49438202247191,5.393258426966292,True,SK텔레콤
2026-04-08,028050,13,37,5.648535564853563,5.253283302063791,50500,53300,-0.7920792079207921,1.5841584158415842,True,삼성E&A
2026-04-08,028260,23,353,12.773722627737216,1.1199999999999999,309000,312500,-1.2944983818770228,-2.912621359223301,False,삼성물산
2026-04-08,032820,6,5,18.54636591478698,4.251012145748987,23650,24700,0.0,-7.188160676532769,False,우리기술
2026-04-08,034020,17,97,6.638566912539523,0.4916420845624385,101200,101700,-1.0869565217391304,-1.185770750988142,False,두산에너빌리티
2026-04-08,038500,19,16,20.344827586206904,4.0154015401540155,17450,18180,-3.7249283667621778,-3.32378223495702,False,삼표시멘트
2026-04-08,042700,22,287,10.650887573964507,0.3552397868561279,280500,281500,-0.8912655971479502,1.9607843137254901,False,한미반도체
2026-04-08,066570,49,258,8.963585434173659,0.5115089514066496,116700,117300,0.34275921165381323,0.42844901456726653,False,LG전자
2026-04-08,079900,33,129,25.86206896551724,1.815736381977135,73000,74350,-6.301369863013699,-6.8493150684931505,True,전진건설로봇
2026-04-08,086520,30,239,5.732044198895037,0.5198180636777128,153100,153900,0.06531678641410843,-2.7433050293925536,False,에코프로
2026-04-08,100790,40,70,11.257035647279556,3.577235772357724,29650,30750,-2.866779089376054,-3.541315345699832,False,미래에셋벤처투자
2026-04-08,105560,29,249,6.33946830265848,1.9484600879949718,156000,159100,4.294871794871795,-1.153846153846154,False,KB금융
2026-04-08,267260,44,1108,9.988776655443331,1.2096774193548387,980000,992000,1.1224489795918366,0.0,False,HD현대일렉트릭
2026-04-08,298040,27,1527,12.260536398467426,0.6779661016949152,2930000,2950000,-0.7167235494880546,-1.6382252559726962,False,효성중공업
2026-04-08,375500,12,61,25.92592592592593,2.05761316872428,95200,97200,-4.621848739495799,-0.9453781512605042,True,DL이앤씨
2026-04-08,402340,15,369,15.831663326653311,1.5332197614991483,578000,587000,-1.0380622837370241,-3.1141868512110724,False,SK스퀘어
2026-04-09,000150,35,985,7.558139534883712,1.06951871657754,1295000,1309000,-1.4671814671814671,-1.0810810810810811,True,두산
2026-04-09,017670,26,128,5.393258426966296,5.917753259779338,93800,99700,1.279317697228145,-0.8528784648187633,True,SK텔레콤
2026-04-09,079550,4,312,6.482593037214879,4.211663066954643,887000,926000,0.3382187147688839,3.8331454340473505,True,LIG디펜스앤에어로스페이스
2026-04-09,092790,25,29,14.802182810368357,5.236486486486487,16830,17760,1.0101010101010102,-1.9607843137254901,True,넥스틸
2026-04-09,093370,19,15,15.75695159629249,5.941422594142259,11240,11950,-2.6690391459074734,-5.782918149466192,True,후성
2026-04-09,095340,43,373,5.447470817120625,2.3423423423423424,271000,277500,1.8450184501845017,-4.981549815498155,True,ISC
2026-04-09,100590,28,12,19.07983761840324,7.368421052631578,8800,9500,8.295454545454547,5.568181818181818,True,머큐리
2026-04-09,278470,13,273,8.941877794336817,5.0649350649350655,365500,385000,2.0519835841313268,7.523939808481532,True,에이피알
2026-04-10,005290,21,62,9.877913429522756,2.941176470588235,49500,51000,2.0202020202020203,5.454545454545454,False,동진쎄미켐
2026-04-10,006360,17,45,5.907172995780585,4.076433121019108,37650,39250,-3.851261620185923,-3.5856573705179287,True,GS건설
2026-04-10,009150,6,264,9.496124031007746,3.0874785591766725,565000,583000,-1.7699115044247788,0.5309734513274336,True,삼성전기
2026-04-10,010170,3,4,25.317348377997174,3.1079607415485277,17770,18340,0.22509848058525606,11.817670230725943,True,대한광통신
2026-04-10,010820,14,14,16.581371545547597,3.0638297872340425,11390,11750,3.5996488147497807,5.355575065847234,True,퍼스텍
2026-04-10,011070,32,446,11.436950146627556,0.9126466753585397,380000,383500,-3.684210526315789,-4.868421052631579,True,LG이노텍
2026-04-10,011930,8,2,19.778481012658222,4.899497487437186,3785,3980,0.5284015852047557,3.6988110964332894,True,신성이엔지
2026-04-10,050890,5,10,20.112517580872,5.373961218836564,17080,18050,-2.1662763466042154,1.5807962529274004,True,쏠리드
2026-04-10,062040,42,291,7.719298245614037,2.786573780873971,153500,157900,-1.8241042345276872,12.638436482084693,False,산일전기
2026-04-10,064260,12,8,11.17318435754191,7.976878612716763,7960,8650,-1.256281407035176,0.12562814070351758,False,다날
2026-04-10,069540,20,5,16.449704142011832,9.724770642201836,4920,5450,0.0,0.0,True,빛과전자
2026-04-10,278470,33,470,7.523939808481539,0.7575757575757576,393000,396000,0.5089058524173028,1.653944020356234,True,에이피알
2026-04-10,452300,43,16,10.229885057471266,8.840304182509506,4795,5260,0.0,1.251303441084463,True,캡스톤파트너스
2026-04-13,001780,42,6,11.3899613899614,5.564648117839607,2885,3055,-0.17331022530329288,-1.2131715771230502,True,알루코
2026-04-13,010120,7,127,13.705583756345185,4.83271375464684,179200,188300,11.607142857142858,3.571428571428571,True,LS ELECTRIC
2026-04-13,010170,3,5,11.817670230725952,6.713615023474179,19870,21300,8.958228485153498,1.4091595369904377,True,대한광통신
2026-04-13,010820,19,21,5.355575065847229,1.8806214227309894,12000,12230,-4.166666666666666,-0.4166666666666667,True,퍼스텍
2026-04-13,018470,18,2,26.618229854689556,1.6923076923076923,1917,1950,0.0,1.7736045905059992,True,조일알미늄
2026-04-13,025860,14,10,18.26196473551638,4.67005076142132,9390,9850,0.42598509052183176,2.3429179978700745,True,남해화학
2026-04-13,043260,39,118,7.986501687289094,5.88235294117647,48000,51000,2.604166666666667,10.833333333333334,True,성호전자
2026-04-13,062040,23,220,12.638436482084693,0.8032128514056224,172900,174300,5.78368999421631,6.1885482938114516,True,산일전기
2026-04-13,088800,33,15,20.214669051878364,4.680851063829787,6720,7050,3.273809523809524,0.0,True,에이스테크
2026-04-13,100590,37,30,21.851453175457493,3.165098374679213,11320,11690,12.632508833922262,-2.8268551236749118,True,머큐리
2026-04-13,100790,25,56,7.155635062611809,5.371248025276461,29950,31650,1.5025041736227045,29.883138564273793,False,미래에셋벤처투자
2026-04-13,178320,46,129,5.414364640883984,2.6530612244897958,47700,49000,0.8385744234800839,4.716981132075472,False,서진시스템
2026-04-13,215790,36,7,14.188034188034182,8.991825613079019,3340,3670,0.0,0.0,True,이노인스트루먼트
2026-04-13,490470,6,26,16.61341853035143,3.9473684210526314,36500,38000,1.7808219178082192,1.9178082191780823,True,세미파이브
2026-04-14,000660,1,88,6.057692307692308,2.2163120567375887,1103000,1128000,5.621033544877607,2.9918404351767904,True,SK하이닉스
2026-04-14,006800,5,39,10.872894333843796,2.2941970310391366,72400,74100,1.3812154696132597,-3.7292817679558015,True,미래에셋증권
2026-04-14,009830,24,70,6.844106463878319,3.8768529076396807,42150,43850,1.0676156583629894,0.5931198102016607,False,한화솔루션
2026-04-14,037030,20,13,20.999999999999996,6.923076923076923,8470,9100,2.833530106257379,0.8264462809917356,True,파워넷
2026-04-14,043260,44,131,10.83333333333334,1.6635859519408502,53200,54100,5.451127819548872,-3.9473684210526314,True,성호전자
2026-04-14,046970,6,5,18.71871871871871,7.7042801556420235,11860,12850,8.178752107925801,19.73018549747049,True,우리로
2026-04-14,062040,21,248,6.188548293811458,3.011093502377179,183600,189300,1.5250544662309369,5.827886710239651,True,산일전기
2026-04-14,267260,34,1004,5.362462760675268,0.6554307116104869,1061000,1068000,2.827521206409048,-1.0367577756833177,False,HD현대일렉트릭
2026-04-14,336260,48,123,15.845539280958732,2.57558790593505,43500,44650,1.9540229885057472,0.9195402298850575,False,두산퓨얼셀
2026-04-14,347700,30,96,16.25615763546797,5.220883534136546,47200,49800,2.330508474576271,-3.389830508474576,False,스피어
2026-04-14,402340,9,421,10.344827586206895,1.386748844375963,640000,649000,5.625,3.90625,False,SK스퀘어
2026-04-15,000250,22,510,6.730769230769229,4.965753424657534,555000,584000,-1.0810810810810811,-9.00900900900901,False,삼천당제약
2026-04-15,006340,16,3,18.693284936479127,7.4964639321074955,6540,7070,5.351681957186544,0.9174311926605505,True,대원전선
2026-04-15,006360,13,43,9.479305740987986,4.651162790697675,41000,43000,1.5853658536585367,-3.536585365853658,True,GS건설
2026-04-15,009150,14,435,5.136986301369872,3.1545741324921135,614000,634000,1.3029315960912053,4.071661237785016,True,삼성전기
2026-04-15,010060,30,320,24.933545986177563,3.885480572597137,235000,244500,11.702127659574469,27.659574468085108,True,OCI홀딩스
2026-04-15,011930,8,1,10.160427807486627,5.178365937859609,4120,4345,1.9417475728155338,4.247572815533981,True,신성이엔지
2026-04-15,018260,26,235,17.88778877887789,2.8291621327529923,178600,183800,8.622620380739082,6.9428891377379625,False,삼성에스디에스
2026-04-15,027360,15,8,6.796116504854366,5.61622464898596,12100,12820,0.0,-9.338842975206612,True,아주IB투자
2026-04-15,036930,33,137,11.00628930817611,4.076086956521739,70600,73600,0.9915014164305949,2.4079320113314444,False,주성엔지니어링
2026-04-15,046970,9,11,19.730185497470497,5.270180120080053,14200,14990,0.0,0.0,True,우리로
2026-04-15,047040,3,2,21.27659574468086,3.225806451612903,28500,29450,1.5789473684210527,0.3508771929824561,True,대우건설
2026-04-15,049080,50,5,14.428857715430855,8.64,2855,3125,2.4518388791593697,-29.947460595446586,True,기가레인
2026-04-15,050890,5,10,7.582938388625582,9.2,18160,20000,1.4317180616740088,-8.204845814977974,True,쏠리드
2026-04-15,062040,42,383,5.82788671023966,2.2635814889336014,194300,198800,-0.4117344312918168,-2.727740607308286,True,산일전기
2026-04-15,089030,27,92,6.27306273062731,5.107084019769357,57600,60700,0.1736111111111111,-0.3472222222222222,False,테크윙
2026-04-15,278470,41,632,6.994818652849744,0.12091898428053204,413000,413500,0.7263922518159807,0.36319612590799033,True,에이피알
2026-04-15,402490,38,47,22.543352601156073,4.932735426008969,21200,22300,2.1226415094339623,-1.650943396226415,True,그린리소스
2026-04-16,005380,7,235,5.118110236220463,1.8382352941176472,534000,544000,2.4344569288389515,0.7490636704119851,False,현대차
2026-04-16,005880,12,1,7.504690431519689,9.90566037735849,2865,3180,0.0,-4.013961605584642,True,대한해운
2026-04-16,011790,19,171,22.2444889779559,0.0,122000,122000,-4.098360655737705,-6.80327868852459,False,SKC
2026-04-16,018260,32,322,6.942889137737951,1.5463917525773196,191000,194000,-2.2513089005235605,-4.450261780104712,False,삼성에스디에스
2026-04-16,032820,5,9,6.206896551724128,8.695652173913043,23100,25300,0.8658008658008658,-2.380952380952381,False,우리기술
2026-04-16,034020,6,61,6.3339731285988465,1.0714285714285714,110800,112000,0.7220216606498195,-2.0758122743682312,True,두산에너빌리티
2026-04-16,353200,26,183,7.241379310344831,0.3205128205128205,93300,93600,0.0,1.0718113612004287,True,대덕전자
2026-04-16,388050,23,29,6.7238912732475065,9.466019417475728,14920,16480,1.3404825737265416,-1.8096514745308312,True,지투파워
2026-04-17,006400,8,276,7.210031347962387,0.3883495145631068,513000,515000,0.3898635477582846,4.8732943469785575,True,삼성SDI
2026-04-17,009150,9,357,6.259780907668233,2.0202020202020203,679000,693000,1.7673048600883652,0.14727540500736377,True,삼성전기
2026-04-17,010820,20,18,14.919011082693956,5.931612002791347,13480,14330,3.635014836795252,16.468842729970326,True,퍼스텍
2026-04-17,017900,5,4,7.054263565891472,8.664021164021165,13810,15120,-3.1860970311368573,-6.589427950760318,False,광전자
2026-04-17,027360,10,12,8.751139471285319,8.792048929663608,11930,13080,-0.3352891869237217,1.5926236378876781,True,아주IB투자
2026-04-17,066970,21,203,9.498525073746311,0.16137708445400753,185600,185900,-0.5387931034482759,-1.0237068965517242,False,엘앤에프
2026-04-17,082740,23,78,16.390041493775943,6.3439065108514185,56100,59900,-0.8912655971479502,-3.2085561497326207,True,한화엔진
2026-04-17,093370,13,16,22.30088495575222,4.227304227304227,13820,14430,-3.8350217076700437,-5.643994211287988,True,후성
2026-04-17,098460,12,34,11.486486486486491,5.172413793103448,33000,34800,0.0,-3.787878787878788,False,고영
2026-04-17,100790,3,25,19.638242894056845,4.634397528321318,46300,48550,-2.0518358531317493,-1.7278617710583155,True,미래에셋벤처투자
2026-04-17,368770,42,73,10.878661087866103,3.4608378870673953,26500,27450,0.18867924528301888,-3.018867924528302,True,파이버프로
2026-04-17,456010,11,28,20.843091334894616,7.027027027027027,25800,27750,4.457364341085271,3.2945736434108532,True,아이씨티케이
2026-04-17,457190,35,223,8.04263565891472,6.1447811447811445,111500,118800,0.4484304932735426,0.08968609865470852,False,이수스페셜티케미컬
2026-04-20,000150,37,1204,5.789473684210522,4.610169491525424,1407000,1475000,0.9239516702203269,0.14214641080312723,True,두산
2026-04-20,000990,38,221,18.52198316183349,1.32398753894081,126700,128400,-2.367797947908445,-3.7095501183898976,True,DB하이텍
2026-04-20,003280,25,1,8.143322475570036,6.214689265536723,3320,3540,0.0,-4.216867469879518,False,흥아해운
2026-04-20,007660,7,96,10.806317539484622,2.7716994894237783,133300,137100,1.1252813203300824,-0.07501875468867217,False,이수페타시스
2026-04-20,010820,11,11,16.468842729970333,4.733009708737864,15700,16480,-2.8662420382165608,-8.21656050955414,True,퍼스텍
2026-04-20,067310,21,67,7.350901525658804,4.914004914004914,38700,40700,0.2583979328165375,-1.6795865633074936,True,하나마이크론
2026-04-20,069540,14,3,11.262798634812277,8.426966292134832,6520,7120,1.0736196319018405,-5.521472392638037,True,빛과전자
2026-04-20,079550,18,630,5.136986301369872,2.332979851537646,921000,943000,-0.32573289902280134,-1.3029315960912053,True,LIG디펜스앤에어로스페이스
2026-04-20,489790,44,204,7.061790668348045,3.959276018099547,84900,88400,0.9422850412249705,0.8244994110718492,False,한화비전
2026-04-21,003670,41,399,8.456659619450324,0.19455252918287938,256500,257000,0.1949317738791423,0.3898635477582846,True,포스코퓨처엠
2026-04-21,005490,16,299,8.215661103979466,0.11848341232227488,421500,422000,-0.3558718861209964,-0.7117437722419928,True,POSCO홀딩스
2026-04-21,006360,15,35,13.272010512483568,3.0371203599550056,43100,44450,-2.5522041763341066,-3.248259860788863,True,GS건설
2026-04-21,006400,4,147,19.88847583643123,0.4629629629629629,645000,648000,6.3565891472868215,2.1705426356589146,True,삼성SDI
2026-04-21,009150,6,285,13.529411764705879,0.8985879332477535,772000,779000,3.3678756476683938,5.181347150259067,True,삼성전기
2026-04-21,009830,46,98,5.697674418604648,0.9803921568627451,45450,45900,-0.88008800880088,4.62046204620462,False,한화솔루션
2026-04-21,010060,24,318,9.340659340659329,5.087440381558029,298500,314500,-1.507537688442211,5.192629815745393,True,OCI홀딩스
2026-04-21,010140,30,46,5.779334500875666,0.8210180623973727,30200,30450,0.49668874172185434,5.298013245033113,False,삼성중공업
2026-04-21,047040,3,1,16.903914590747338,5.194805194805195,32850,34650,-3.0441400304414,-0.91324200913242,True,대우건설
2026-04-21,051910,45,609,6.566347469220246,0.1282051282051282,389500,390000,0.12836970474967907,0.6418485237483954,False,LG화학
2026-04-21,066970,25,233,6.913445835601517,0.3045685279187817,196400,197000,0.8146639511201629,-0.8655804480651732,True,엘앤에프
2026-04-21,077970,26,71,9.30735930735931,8.181818181818182,50500,55000,-2.9702970297029703,0.0,True,STX엔진
2026-04-21,080220,12,38,8.953488372093021,5.449041372351161,46850,49550,-1.4941302027748131,0.21344717182497333,False,제주반도체
2026-04-21,082740,37,110,11.602209944751385,0.49261083743842365,60600,60900,-1.9801980198019802,11.386138613861387,True,한화엔진
2026-04-21,086520,19,153,5.205655526992281,0.6674757281553397,163700,164800,1.77153329260843,0.3665241295051924,False,에코프로
2026-04-21,247540,36,314,5.000000000000004,0.0,220500,220500,0.9070294784580499,-1.1337868480725624,False,에코프로비엠
2026-04-21,329180,14,391,9.92366412213741,0.34602076124567477,576000,578000,0.1736111111111111,11.284722222222223,False,HD현대중공업
2026-04-21,353200,39,191,7.849462365591409,2.1463414634146343,100300,102500,0.3988035892323031,0.897308075772682,True,대덕전자
2026-04-21,373220,8,248,11.421911421911425,0.0,478000,478000,2.8242677824267783,1.3598326359832638,False,LG에너지솔루션
2026-04-21,375500,33,165,5.340314136125657,4.914933837429111,100600,105800,-1.9880715705765408,-2.584493041749503,True,DL이앤씨
2026-04-21,443060,48,411,17.52682677567705,1.7094017094017095,230000,234000,-2.1739130434782608,1.0869565217391304,False,HD현대마린솔루션
2026-04-21,450080,20,83,7.911802853437089,1.4218009478672986,83200,84400,0.3605769230769231,-0.4807692307692308,True,에코프로머티
2026-04-21,457190,38,223,13.799283154121866,0.78125,127000,128000,2.440944881889764,2.440944881889764,True,이수스페셜티케미컬
2026-04-22,005290,41,108,10.420475319926869,3.36,60400,62500,1.6556291390728477,-0.16556291390728478,True,동진쎄미켐
2026-04-22,007660,5,56,21.171171171171178,1.824817518248175,161400,164400,-3.5315985130111525,-6.939281288723668,True,이수페타시스
2026-04-22,009150,9,319,5.181347150259064,0.49019607843137253,812000,816000,-1.9704433497536946,-4.679802955665025,True,삼성전기
2026-04-22,009540,33,516,8.304093567251458,0.10787486515641855,463000,463500,-0.21598272138228944,-0.4319654427645789,False,HD한국조선해양
2026-04-22,010060,43,452,5.192629815745398,2.332814930015552,314000,321500,1.910828025477707,2.547770700636943,True,OCI홀딩스
2026-04-22,010120,28,214,5.143475906876005,2.3138832997987926,194200,198800,8.908341915550979,11.740473738414007,True,LS ELECTRIC
2026-04-22,010140,17,30,5.298013245033117,1.7001545595054095,31800,32350,2.8301886792452833,6.918238993710692,True,삼성중공업
2026-04-22,011070,27,468,17.647058823529417,0.9900990099009901,500000,505000,6.800000000000001,0.0,True,LG이노텍
2026-04-22,018470,42,2,12.282804074295983,9.249394673123486,1874,2065,1.8676627534685166,-4.108858057630736,True,조일알미늄
2026-04-22,027360,11,6,16.74917491749175,8.236057068741893,14150,15420,1.4134275618374559,3.109540636042403,True,아주IB투자
2026-04-22,064350,30,268,7.223476297968401,0.8350730688935281,237500,239500,0.21052631578947367,-0.8421052631578947,False,현대로템
2026-04-22,079550,3,243,12.211221122112214,8.765652951699463,1020000,1118000,-2.6470588235294117,-5.294117647058823,True,LIG디펜스앤에어로스페이스
2026-04-22,082740,32,94,11.386138613861396,1.6034985422740524,67500,68600,-1.1851851851851851,3.851851851851852,True,한화엔진
2026-04-22,097230,24,40,10.71428571428572,2.3622047244094486,31000,31750,0.4838709677419355,5.32258064516129,False,HJ중공업
2026-04-22,100790,10,32,21.858500527983104,6.178861788617886,57700,61500,-0.8665511265164645,2.2530329289428077,True,미래에셋벤처투자
2026-04-22,161000,35,36,24.348958333333325,4.308617234468938,19100,19960,-4.031413612565445,-9.790575916230367,True,애경케미칼
2026-04-22,178320,37,79,5.138339920948609,0.0,53200,53200,5.075187969924812,4.887218045112782,True,서진시스템
2026-04-22,322000,12,131,7.294117647058829,6.413545407901487,182400,194900,0.3289473684210526,-1.4802631578947367,True,HD현대에너지솔루션
2026-04-22,329180,7,223,11.284722222222232,0.3110419906687403,641000,643000,-0.46801872074883,0.0,False,HD현대중공업
2026-04-22,417200,39,50,10.549450549450556,1.1787819253438114,25150,25450,4.572564612326044,3.5785288270377733,True,LS머트리얼즈
2026-04-23,006340,4,1,26.39751552795031,2.7479091995221028,8140,8370,0.36855036855036855,10.81081081081081,True,대원전선
2026-04-23,006910,18,8,18.34496510468595,6.16600790513834,11870,12650,0.0,2.0219039595619206,False,보성파워텍
2026-04-23,010120,12,117,11.740473738414003,6.263498920086392,217000,231500,1.8433179723502304,4.377880184331797,True,LS ELECTRIC
2026-04-23,010140,9,16,6.91823899371069,3.818953323903819,34000,35350,3.088235294117647,1.1764705882352942,True,삼성중공업
2026-04-23,028260,39,422,6.312292358803995,1.0819165378670788,320000,323500,-1.09375,-2.65625,False,삼성물산
2026-04-23,032820,8,10,6.1224489795918435,4.878048780487805,23400,24600,0.0,-2.1367521367521367,False,우리기술
2026-04-23,034020,5,54,5.780845556514236,1.0492332526230832,122600,123900,0.3262642740619902,3.6704730831973897,True,두산에너빌리티
2026-04-23,097230,28,50,5.32258064516129,3.4023668639053253,32650,33800,1.6845329249617151,-1.8376722817764166,True,HJ중공업
2026-04-23,298040,31,1543,5.966277561608302,2.564102564102564,3268000,3354000,0.7343941248470013,8.69033047735618,True,효성중공업
2026-04-23,403870,16,46,6.25,4.135338345864661,51000,53200,1.1764705882352942,4.705882352941177,True,HPSP
2026-04-24,000250,40,463,8.289473684210535,1.437125748502994,411500,417500,2.3086269744835968,8.140947752126367,False,삼천당제약
2026-04-24,006340,5,2,10.81081081081081,8.426395939086294,9020,9850,3.436807095343681,12.749445676274945,True,대원전선
2026-04-24,009830,38,78,5.448717948717952,1.0030090270812437,49350,49850,3.343465045592705,1.7223910840932117,False,한화솔루션
2026-04-24,010060,14,230,19.254658385093173,3.7593984962406015,384000,399000,1.3020833333333335,-1.8229166666666667,True,OCI홀딩스
2026-04-24,011070,36,529,8.400000000000007,4.577464788732395,542000,568000,0.0,-1.107011070110701,True,LG이노텍
2026-04-24,036540,19,3,22.179974651457535,5.024630541871921,9640,10150,5.7053941908713695,3.319502074688797,True,SFA반도체
2026-04-24,071970,42,169,18.87966804979253,1.0362694300518136,114600,115800,0.6980802792321117,0.7853403141361256,True,HD현대마린엔진
2026-04-24,080220,4,19,18.16192560175054,4.424778761061947,54000,56500,1.6666666666666667,8.148148148148149,True,제주반도체
2026-04-24,082740,39,111,8.416547788873041,4.522613065326634,76000,79600,6.842105263157896,16.447368421052634,True,한화엔진
2026-04-24,089030,31,74,12.363636363636354,0.8025682182985553,61800,62300,1.132686084142395,0.48543689320388345,False,테크윙
2026-04-24,090710,10,5,17.049469964664322,4.676258992805756,13250,13900,1.3584905660377358,-0.9811320754716981,False,휴림로봇
2026-04-24,092220,35,1,16.86445971267958,3.755144032921811,1871,1944,0.053447354355959376,-1.7637626937466595,True,KEC
2026-04-24,100790,17,50,5.762711864406778,6.865671641791045,62400,67000,0.0,-1.9230769230769231,True,미래에셋벤처투자
2026-04-24,209640,37,10,17.683881064162765,5.4088050314465415,7520,7950,4.521276595744681,20.345744680851062,True,와이제이링크
2026-04-24,267260,25,791,10.540301151461474,3.9260969976905313,1248000,1299000,4.166666666666666,4.647435897435898,True,HD현대일렉트릭
2026-04-24,298040,27,1378,8.69033047735619,1.0033444816053512,3552000,3588000,12.58445945945946,10.951576576576578,True,효성중공업
2026-04-24,322000,32,204,6.288258208124642,4.260651629072681,191000,199500,0.5759162303664921,-1.2041884816753925,True,HD현대에너지솔루션
2026-04-24,353200,34,131,16.48129423660263,0.6896551724137931,115200,116000,0.0,-5.555555555555555,True,대덕전자
2026-04-24,490470,49,79,15.555555555555545,2.7431421446384037,39000,40100,1.0256410256410255,-3.5897435897435894,True,세미파이브
2026-04-27,000660,1,79,5.728314238952548,1.8982536066818527,1292000,1317000,1.6253869969040249,0.6191950464396285,True,SK하이닉스
2026-04-27,006340,9,4,12.74944567627494,4.596622889305816,10170,10660,5.014749262536873,-0.983284169124877,True,대원전선
2026-04-27,010120,17,217,12.803532008830022,2.294455066921606,255500,261500,7.8277886497064575,2.3483365949119372,True,LS ELECTRIC
2026-04-27,010170,4,3,19.910179640718574,3.3775633293124248,16020,16580,0.7490636704119851,-5.805243445692884,False,대한광통신
2026-04-27,011790,32,174,7.407407407407418,4.003079291762894,124700,129900,-2.0048115477145148,-0.24057738572574178,True,SKC
2026-04-27,017900,41,20,15.535889872173048,4.081632653061225,11750,12250,2.723404255319149,-9.957446808510637,False,광전자
2026-04-27,030530,28,52,10.20408163265305,5.135135135135135,35100,37000,1.7094017094017095,0.9971509971509971,False,원익홀딩스
2026-04-27,042700,3,69,26.395939086294405,1.5810276679841897,373500,379500,-1.7402945113788488,-1.7402945113788488,True,한미반도체
2026-04-27,080220,5,27,8.148148148148149,6.7092651757188495,58400,62600,0.17123287671232876,-5.993150684931506,True,제주반도체
2026-04-27,082740,24,98,16.447368421052634,6.25,88500,94400,-4.519774011299435,-8.361581920903955,True,한화엔진
2026-04-27,108490,12,244,18.974358974358974,3.7344398340248963,348000,361500,-0.8620689655172413,-6.17816091954023,True,로보티즈
2026-04-27,209640,36,10,20.345744680851062,7.36949846468782,9050,9770,2.0994475138121547,0.0,True,와이제이링크
2026-04-27,277810,23,552,9.313725490196067,5.106382978723404,669000,705000,3.587443946188341,-0.14947683109118087,False,레인보우로보틱스
2026-04-27,298040,25,1571,10.95157657657657,1.6225661507738391,3941000,4006000,4.541994417660492,0.8880994671403196,True,효성중공업
2026-04-27,402340,15,514,8.827586206896543,2.109181141439206,789000,806000,2.6615969581749046,2.788339670468948,True,SK스퀘어
2026-04-27,440110,46,133,19.383259911894267,1.094890510948905,81300,82200,0.0,0.36900369003690037,True,파두
2026-04-27,489790,42,144,8.557457212713926,4.0,88800,92500,-1.6891891891891893,-2.59009009009009,False,한화비전
2026-04-28,001200,48,10,12.949640287769792,7.782672540381791,6280,6810,-2.229299363057325,-4.936305732484077,True,유진투자증권
2026-04-28,001440,8,22,5.396096440872555,5.458290422245108,45900,48550,0.2178649237472767,11.546840958605664,True,대한전선
2026-04-28,005010,36,8,17.217391304347828,7.162534435261708,6740,7260,-3.857566765578635,5.637982195845697,True,휴스틸
2026-04-28,005380,4,140,5.916030534351147,3.3101045296167246,555000,574000,1.8018018018018018,0.18018018018018017,False,현대차
2026-04-28,005490,6,174,11.736526946107784,3.2157676348547715,466500,482000,2.2508038585209005,0.5359056806002144,True,POSCO홀딩스
2026-04-28,006400,5,223,7.086614173228356,1.4492753623188406,680000,690000,1.3235294117647058,4.705882352941177,True,삼성SDI
2026-04-28,009150,13,405,5.66750629722923,0.7100591715976331,839000,845000,-2.5029797377830754,-1.430274135876043,True,삼성전기
2026-04-28,011070,34,602,7.649253731343286,3.1879194630872485,577000,596000,1.733102253032929,2.5996533795493932,True,LG이노텍
2026-04-28,047040,3,4,11.897590361445776,7.930607187112764,37150,40350,0.13458950201884254,-0.6729475100942126,True,대우건설
2026-04-28,064350,46,353,5.844155844155852,0.8113590263691683,244500,246500,2.8629856850715747,7.975460122699387,False,현대로템
2026-04-28,066570,16,122,7.692307692307687,6.0402684563758395,140000,149000,0.8571428571428572,-3.0,True,LG전자
2026-04-28,222080,14,11,6.24635143023935,8.450704225352112,18200,19880,0.054945054945054944,2.4725274725274726,True,씨아이에스
2026-04-28,241520,29,36,13.687500000000007,7.2884811416921504,18190,19620,-2.2539857064321054,-2.3639362286970864,True,DSC인베스트먼트
2026-04-28,307950,41,580,8.390022675736963,4.016064257028113,478000,498000,1.5690376569037656,-0.8368200836820083,False,현대오토에버
2026-04-28,490470,31,70,6.382978723404253,5.660377358490567,40000,42400,-2.0,-1.5,True,세미파이브
2026-04-29,001440,3,5,11.546840958605674,3.213610586011342,51200,52900,0.9765625,9.9609375,True,대한전선
2026-04-29,010950,27,159,13.14237573715249,0.6656804733727811,134300,135200,-0.4467609828741623,0.14892032762472077,False,S-Oil
2026-04-29,011170,37,182,24.86772486772486,1.2552301255230125,118000,119500,-3.050847457627119,-3.4745762711864407,True,롯데케미칼
2026-04-29,017510,39,26,10.431372549019603,8.452535760728217,14080,15380,1.7755681818181819,2.9829545454545454,True,세명전기
2026-04-29,064350,18,176,7.975460122699385,2.4029574861367835,264000,270500,-0.946969696969697,1.7045454545454544,True,현대로템
2026-04-29,082740,28,113,8.138101109741068,3.626373626373627,87700,91000,-2.0524515393386547,0.34207525655644244,True,한화엔진
2026-04-29,096770,14,91,12.631578947368416,0.06671114076050699,149800,149900,-2.202937249666222,-2.403204272363151,True,SK이노베이션
2026-04-29,098460,8,16,5.0062578222778376,6.777777777777779,41950,45000,0.0,-4.052443384982122,True,고영
2026-04-29,147830,47,20,11.133200795228637,8.51063829787234,11180,12220,0.0,4.561717352415027,True,제룡산업
2026-04-29,178320,23,59,10.526315789473696,3.4071550255536627,56700,58700,0.1763668430335097,4.938271604938271,True,서진시스템
2026-04-29,322000,13,135,9.113924050632916,7.112068965517242,215500,232000,0.6960556844547563,7.192575406032482,True,HD현대에너지솔루션
2026-04-29,417200,10,12,16.387337057728125,4.507257448433919,31250,32725,1.1199999999999999,-3.84,True,LS머트리얼즈
2026-04-29,475150,32,86,7.272727272727275,4.68497576736672,59000,61900,4.067796610169491,-1.694915254237288,False,SK이터닉스
2026-04-30,001440,3,7,9.9609375,5.218855218855219,56300,59400,6.039076376554174,7.8152753108348145,True,대한전선
2026-04-30,006340,4,1,14.973262032085554,9.227985524728588,15050,16580,8.837209302325581,15.282392026578073,True,대원전선
2026-04-30,009830,10,28,5.735140771637126,8.483754512635379,50700,55400,0.9861932938856016,-1.5779092702169626,False,한화솔루션
2026-04-30,024060,31,23,5.844155844155852,7.098445595854923,17930,19300,-5.577244841048522,-5.800334634690463,False,흥구석유
2026-04-30,025860,15,2,24.364406779661007,4.319478402607987,11740,12270,0.17035775127768313,-1.1073253833049403,True,남해화학
2026-04-30,046890,33,22,15.293296089385478,5.33256880733945,16510,17440,13.143549364021807,8.600847970926711,True,서울반도체
2026-04-30,050890,21,13,6.471686372121965,7.4634937804218495,17110,18490,2.571595558153127,8.942139099941555,True,쏠리드
2026-04-30,058470,26,122,6.422836752899208,3.790322580645161,119300,124000,2.682313495389774,1.2573344509639564,False,리노공업
2026-04-30,062040,9,126,20.36199095022624,5.506216696269982,266000,281500,4.887218045112782,25.375939849624064,True,산일전기
2026-04-30,322000,24,214,7.1925754060324865,5.327868852459016,231000,244000,0.8658008658008658,-4.329004329004329,True,HD현대에너지솔루션
2026-04-30,454910,41,178,7.8277886497064575,8.699254349627175,110200,120700,1.9963702359346642,-2.1778584392014517,False,두산로보틱스
2026-04-30,489790,45,152,5.5079559363525155,6.1002178649237475,86200,91800,2.088167053364269,2.9002320185614847,False,한화비전
2026-05-04,000660,1,58,12.519440124416793,0.20689655172413793,1447000,1450000,9.882515549412577,10.642709053213546,True,SK하이닉스
2026-05-04,001440,5,11,7.815275310834813,3.9556962025316458,60700,63200,3.130148270181219,14.00329489291598,True,대한전선
2026-05-04,005490,15,298,8.658008658008654,1.953125,502000,512000,3.187250996015936,0.796812749003984,True,POSCO홀딩스
2026-05-04,005930,2,7,5.442176870748305,0.0,232500,232500,9.247311827956988,14.408602150537634,True,삼성전자
2026-05-04,005935,8,79,7.138344914718897,0.11778563015312131,169600,169800,3.5377358490566038,11.61556603773585,True,삼성전자우
2026-05-04,006260,47,679,12.362030905077258,1.1650485436893203,509000,515000,8.447937131630647,4.322200392927308,True,LS
2026-05-04,006340,9,6,15.282392026578062,6.519396551724138,17350,18560,3.7463976945244957,3.976945244956772,True,대원전선
2026-05-04,006800,18,49,8.487654320987659,1.9525801952580195,70300,71700,7.396870554765292,19.203413940256045,False,미래에셋증권
2026-05-04,006910,12,5,18.79139072847682,6.0863874345549736,14350,15280,1.6724738675958188,10.313588850174217,True,보성파워텍
2026-05-04,009150,7,350,10.336538461538458,0.7567567567567568,918000,925000,5.773420479302832,-0.6535947712418301,True,삼성전기
2026-05-04,010120,19,206,5.755395683453246,0.8431703204047217,294000,296500,3.9115646258503403,7.312925170068027,True,LS ELECTRIC
2026-05-04,010170,3,2,16.831683168316825,2.7472527472527473,17700,18200,4.350282485875706,3.2203389830508473,False,대한광통신
2026-05-04,018880,13,1,14.657210401891252,3.9603960396039604,4850,5050,2.268041237113402,11.54639175257732,False,한온시스템
2026-05-04,028260,43,451,7.2026800670016655,0.46656298600311047,320000,321500,8.75,17.34375,False,삼성물산
2026-05-04,032830,50,424,6.212424849699394,1.8518518518518516,265000,270000,5.849056603773585,12.452830188679245,True,삼성생명
2026-05-04,047810,25,167,6.5088757396449815,1.5855658829961725,180000,182900,4.111111111111112,-1.8888888888888888,False,한국항공우주
2026-05-04,050890,20,10,8.94213909994155,4.16452442159383,18640,19450,2.03862660944206,-1.0729613733905579,True,쏠리드
2026-05-04,051910,33,466,8.060453400503786,1.3793103448275863,429000,435000,1.6317016317016315,-1.282051282051282,True,LG화학
2026-05-04,062040,10,155,25.375939849624054,2.1994134897360706,333500,341000,-1.3493253373313343,-4.197901049475263,True,산일전기
2026-05-04,066970,40,322,9.174782162993345,5.333333333333334,213000,225000,2.5821596244131455,-0.2347417840375587,True,엘앤에프
2026-05-04,080220,27,59,8.206106870229002,1.733102253032929,56700,57700,6.701940035273369,3.1746031746031744,False,제주반도체
2026-05-04,103590,28,149,17.63265306122448,2.5693035835023665,144100,147900,0.8327550312283136,-1.31852879944483,True,일진전기
2026-05-04,199820,26,17,19.930475086906153,7.174887892376682,20700,22300,-1.6908212560386473,-6.521739130434782,True,제일일렉트릭
2026-05-04,298040,31,1692,8.077709611451933,0.7511737089201878,4228000,4260000,0.44938505203405865,8.727530747398298,True,효성중공업
2026-05-04,402340,4,208,17.83590963139121,0.7014028056112225,991000,998000,10.99899091826438,9.889001009081735,True,SK스퀘어
2026-05-04,425040,45,30,14.860139860139853,3.1449631449631448,19710,20350,17.960426179604262,10.096397767630643,True,티이엠씨
2026-05-04,432720,41,46,17.764471057884236,5.901116427432217,29500,31350,5.932203389830509,-5.084745762711865,True,퀄리타스반도체
2026-05-04,490470,35,73,14.958775029446404,4.8732943469785575,48800,51300,2.2540983606557377,-6.557377049180328,True,세미파이브
2026-05-06,000660,2,56,10.64270905321354,0.8054522924411399,1601000,1614000,1.311680199875078,3.3104309806371015,True,SK하이닉스
2026-05-06,001440,4,11,14.003294892915985,6.486486486486487,69200,74000,0.5780346820809248,-7.369942196531793,True,대한전선
2026-05-06,001510,14,2,8.670520231213864,6.0,5640,6000,-0.1773049645390071,-6.560283687943262,True,SK증권
2026-05-06,003530,28,7,14.407814407814401,5.161943319838056,9370,9880,-1.1739594450373532,-9.391675560298825,True,한화투자증권
2026-05-06,003670,32,351,8.052434456928847,2.037351443123939,288500,294500,-0.17331022530329288,2.5996533795493932,True,포스코퓨처엠
2026-05-06,005930,1,4,14.40860215053763,1.4814814814814816,266000,270000,2.2556390977443606,2.0676691729323307,True,삼성전자
2026-05-06,005935,3,33,11.615566037735858,1.354872329338197,189300,191900,0.15847860538827258,-2.0602218700475436,True,삼성전자우
2026-05-06,006800,6,18,19.20341394025604,4.555808656036446,83800,87800,-1.1933174224343674,-5.727923627684964,True,미래에셋증권
2026-05-06,006910,15,6,10.313588850174217,3.4167175106772425,15830,16390,2.0846493998736575,-1.4529374605180037,True,보성파워텍
2026-05-06,010120,20,213,7.31292517006803,3.95738203957382,315500,328500,4.91283676703645,0.9508716323296356,True,LS ELECTRIC
2026-05-06,016360,12,82,8.411892675852073,8.282208588957054,149500,163000,-1.6053511705685617,-2.8762541806020065,True,삼성증권
2026-05-06,018880,10,1,11.546391752577323,3.046594982078853,5410,5580,0.7393715341959335,-9.426987060998151,True,한온시스템
2026-05-06,028260,13,209,17.343749999999993,2.7202072538860103,375500,386000,4.394141145139813,7.8561917443408795,True,삼성물산
2026-05-06,032830,49,443,12.452830188679243,3.2467532467532463,298000,308000,2.013422818791946,0.6711409395973155,True,삼성생명
2026-05-06,039490,38,561,14.674556213017741,1.6243654822335025,484500,492500,-2.786377708978328,-3.8183694530443755,False,키움증권
2026-05-06,066570,16,89,8.17039106145252,1.337579617834395,154900,157000,0.06455777921239508,-4.002582311168496,True,LG전자
2026-05-06,098460,33,49,6.803594351732989,1.770956316410862,41600,42350,0.4807692307692308,-3.4855769230769234,False,고영
2026-05-06,267260,26,1000,6.928406466512693,2.1830985915492955,1389000,1420000,2.0158387329013676,2.2318214542836574,True,HD현대일렉트릭
2026-05-06,298040,22,1566,8.727530747398294,0.9267241379310345,4597000,4640000,0.021753317380900587,0.08701326952360235,True,효성중공업
2026-05-06,356680,43,25,23.05129913391073,3.6515388628064684,18470,19170,-6.876015159718463,-9.745533297238767,True,엑스게이트
2026-05-06,402340,5,219,9.889001009081744,5.221932114882506,1089000,1149000,1.1019283746556474,0.9182736455463728,True,SK스퀘어
2026-05-07,005490,18,346,5.731225296442677,1.2915129151291513,535000,542000,-1.3084112149532712,-1.8691588785046727,True,POSCO홀딩스
2026-05-07,010140,30,37,5.80847723704867,0.14814814814814814,33700,33750,-0.2967359050445104,-5.192878338278932,False,삼성중공업
2026-05-07,010170,4,2,19.321291735084834,0.9090909090909091,21800,22000,-2.064220183486239,2.522935779816514,True,대한광통신
2026-05-07,011790,21,123,8.002481389578154,5.585683297180044,174100,184400,-5.973578403216543,-8.156232050545663,True,SKC
2026-05-07,017550,48,4,23.91653290529696,4.573547589616811,3860,4045,-6.60621761658031,-6.7357512953367875,True,수산세보틱스
2026-05-07,028050,8,25,21.509433962264147,4.3090638930163445,64400,67300,-3.7267080745341614,-3.1055900621118013,True,삼성E&A
2026-05-07,028260,20,272,7.856191744340868,0.12330456226880394,405000,405500,0.0,4.320987654320987,True,삼성물산
2026-05-07,034020,7,50,7.401574803149602,2.0114942528735633,136400,139200,-1.3929618768328444,-4.9853372434017595,True,두산에너빌리티
2026-05-07,078150,31,3,12.686567164179108,9.036144578313253,4530,4980,-5.077262693156733,6.622516556291391,True,HB테크놀러지
2026-05-07,138080,34,69,21.076233183856495,6.7357512953367875,54000,57900,-2.2222222222222223,-1.2962962962962963,True,오이솔루션
2026-05-07,178320,27,68,14.453781512605035,5.02092050209205,68100,71700,0.0,-2.936857562408223,True,서진시스템
2026-05-07,329180,15,380,6.944444444444442,1.702127659574468,693000,705000,-0.8658008658008658,-5.05050505050505,True,HD현대중공업
2026-05-08,001440,5,13,12.792511700468022,3.342245989304813,72300,74800,1.9363762102351314,-2.4896265560165975,True,대한전선
2026-05-08,005380,3,69,7.167832167832167,5.255023183925812,613000,647000,2.936378466557912,5.383360522022838,False,현대차
2026-05-08,011210,50,151,8.64345738295318,7.653061224489796,90500,98000,0.11049723756906078,-0.9944751381215469,False,현대위아
2026-05-08,012330,7,175,15.28878822197055,6.946983546617916,509000,547000,5.1080550098231825,8.644400785854616,True,현대모비스
2026-05-08,058610,44,186,8.937198067632846,4.919184820801124,135300,142300,-0.5912786400591279,5.099778270509978,False,에스피지
2026-05-08,078150,43,2,6.62251655629138,8.695652173913043,4830,5290,7.6604554865424435,2.7950310559006213,True,HB테크놀러지
2026-05-08,086280,21,202,8.893709327548805,6.8645640074211505,251000,269500,0.5976095617529881,0.0,False,현대글로비스
2026-05-08,090710,20,4,6.583333333333341,6.505847953216374,12790,13680,0.3909304143862392,-3.596559812353401,False,휴림로봇
2026-05-08,108490,37,368,10.761589403973515,2.335766423357664,334500,342500,0.29895366218236175,12.855007473841553,False,로보티즈
2026-05-08,125490,33,21,12.002376708259055,4.701718907987867,18850,19780,0.0,-3.6604774535809024,False,한라캐스트
2026-05-08,277810,13,377,12.482065997130555,2.9702970297029703,784000,808000,0.25510204081632654,10.331632653061225,False,레인보우로보틱스
2026-05-08,278470,31,445,8.09464508094646,3.2329988851727984,434000,448500,2.7649769585253456,0.9216589861751152,False,에이피알
2026-05-08,319400,9,15,22.419354838709673,4.166666666666666,37950,39600,0.3952569169960474,1.9762845849802373,False,현대무벡스
2026-05-08,332570,49,19,9.514370664023787,8.374792703150911,11050,12060,2.8959276018099547,3.8009049773755654,True,PS일렉트로닉스
2026-05-08,336260,35,100,13.254593175853024,4.004449388209121,86300,89900,2.317497103128621,12.05098493626883,True,두산퓨얼셀
2026-05-08,440110,42,123,10.262529832935563,1.910828025477707,92400,94200,2.4891774891774894,8.658008658008658,True,파두
2026-05-11,000270,16,108,6.200607902735555,2.2930648769574944,174700,178800,0.5724098454493417,-3.663423010875787,False,기아
2026-05-11,000660,1,45,11.506524317912215,3.540277065161621,1880000,1949000,3.404255319148936,-2.393617021276596,True,SK하이닉스
2026-05-11,000990,37,246,11.064842355740634,6.462925851703407,186700,199600,-1.339046598821639,-11.194429566148902,True,DB하이텍
2026-05-11,005380,4,125,5.38336052202284,1.2232415902140672,646000,654000,4.179566563467492,0.0,False,현대차
2026-05-11,005930,2,3,6.331471135940414,1.0398613518197575,285500,288500,1.5761821366024518,-2.276707530647986,True,삼성전자
2026-05-11,005935,6,49,6.6776135741652975,1.5159171298635674,194900,197900,0.0,-4.053360697793741,True,삼성전자우
2026-05-11,010140,15,17,6.259780907668233,3.9603960396039604,33950,35350,0.29455081001472755,-7.511045655375552,True,삼성중공업
2026-05-11,010170,3,2,25.05592841163311,2.272727272727273,27950,28600,7.334525939177102,4.114490161001789,True,대한광통신
2026-05-11,011070,42,795,10.256410256410264,2.4113475177304964,688000,705000,3.488372093023256,1.1627906976744187,True,LG이노텍
2026-05-11,012330,12,290,8.644400785854621,5.952380952380952,553000,588000,7.59493670886076,-0.9041591320072333,True,현대모비스
2026-05-11,017900,30,9,17.752007136485283,8.71369294605809,13200,14460,6.0606060606060606,-4.46969696969697,False,광전자
2026-05-11,018880,7,1,20.125786163522008,2.218430034129693,5730,5860,0.0,-9.947643979057592,True,한온시스템
2026-05-11,027360,13,6,11.746031746031749,4.710341093665403,17600,18470,1.1931818181818183,-4.261363636363636,False,아주IB투자
2026-05-11,028260,11,242,6.982248520710055,5.833333333333333,452000,480000,1.5486725663716814,-3.761061946902655,True,삼성물산
2026-05-11,036930,24,161,17.926565874730027,7.352941176470589,163800,176800,1.282051282051282,-4.761904761904762,True,주성엔지니어링
2026-05-11,069540,44,5,16.730769230769237,5.451713395638629,6070,6420,4.448105436573312,-2.800658978583196,False,빛과전자
2026-05-11,100790,47,101,8.695652173913038,2.49609984399376,62500,64100,-0.32,-5.76,True,미래에셋벤처투자
2026-05-11,108490,23,314,12.855007473841562,4.187817258883249,377500,394000,0.26490066225165565,-8.609271523178808,True,로보티즈
2026-05-11,264850,32,7,8.322981366459636,8.499475341028331,8720,9530,0.11467889908256881,-5.6192660550458715,True,이랜시스
2026-05-11,277810,22,627,10.331632653061229,2.8089887640449436,865000,890000,2.4277456647398843,-1.1560693641618496,True,레인보우로보틱스
2026-05-11,307950,9,256,7.263513513513509,6.06508875739645,635000,676000,2.677165354330709,-3.149606299212598,True,현대오토에버
2026-05-11,336260,43,141,12.050984936268838,6.840077071290944,96700,103800,2.378490175801448,-4.1365046535677354,True,두산퓨얼셀
2026-05-11,402340,5,240,8.105646630236784,1.4937759336099585,1187000,1205000,2.780117944397641,-5.139005897219882,True,SK스퀘어
2026-05-11,440110,50,179,8.658008658008654,1.857282502443793,100400,102300,1.593625498007968,-5.577689243027888,True,파두
2026-05-12,000500,48,715,18.23899371069182,7.8431372549019605,564000,612000,0.0,-10.460992907801419,True,가온전선
2026-05-12,009150,5,176,6.444444444444453,3.7185929648241203,958000,995000,-3.653444676409186,7.411273486430063,True,삼성전기
2026-05-12,066570,6,40,17.996171027440976,5.130836326321191,184900,194900,4.2725797728501895,3.515413737155219,True,LG전자
2026-05-12,086280,28,278,5.776892430278879,7.9722703639514725,265500,288500,0.9416195856873822,6.96798493408663,False,현대글로비스
2026-05-12,090710,18,5,5.190592051905929,9.237228831350595,12970,14290,0.7710100231303008,-1.6191210485736314,False,휴림로봇
2026-05-12,348340,39,97,12.816691505216093,8.242424242424242,75700,82500,0.5284015852047557,0.6605019815059445,False,뉴로메카
2026-05-13,000270,16,105,6.654783125371355,0.0,179500,179500,1.448467966573816,-0.7799442896935933,False,기아
2026-05-13,000660,1,49,7.683923705722062,0.7035175879396985,1976000,1990000,0.0,-0.30364372469635625,True,SK하이닉스
2026-05-13,000990,48,273,11.942098914354649,0.0,185600,185600,-2.747844827586207,-1.5086206896551724,False,DB하이텍
2026-05-13,005380,3,76,9.90712074303406,0.0,710000,710000,1.971830985915493,0.28169014084507044,True,현대차
2026-05-13,009150,5,227,7.41127348643007,2.9245283018867925,1029000,1060000,-0.4859086491739553,-0.4859086491739553,True,삼성전기
2026-05-13,011070,24,565,8.18965517241379,0.5284015852047557,753000,757000,0.9296148738379815,0.9296148738379815,True,LG이노텍
2026-05-13,012330,7,155,18.430656934306565,4.13589364844904,649000,677000,4.776579352850539,0.15408320493066258,True,현대모비스
2026-05-13,034220,12,5,11.05015673981191,4.57912457912458,14170,14850,1.4114326040931546,8.256880733944955,False,LG디스플레이
2026-05-13,036930,43,226,7.692307692307687,0.3558718861209964,168000,168600,-0.5952380952380952,0.0,True,주성엔지니어링
2026-05-13,038500,18,8,12.590448625180905,7.928994082840236,15560,16900,0.5784061696658097,-5.205655526992288,False,삼표시멘트
2026-05-13,042700,19,259,6.092715231788071,0.0,400500,400500,-1.8726591760299627,2.247191011235955,True,한미반도체
2026-05-13,080220,31,81,6.702898550724634,0.6745362563237773,58900,59300,-3.225806451612903,28.35314091680815,True,제주반도체
2026-05-13,086280,26,235,6.967984934086635,1.3888888888888888,284000,288000,0.7042253521126761,-7.394366197183098,False,현대글로비스
2026-05-13,307950,10,299,13.658536585365844,3.319502074688797,699000,723000,0.4291845493562232,-1.4306151645207439,True,현대오토에버
2026-05-13,332570,21,10,16.996699669966997,5.403602401601067,14180,14990,0.0,-6.770098730606488,True,PS일렉트로닉스
2026-05-13,353200,41,198,11.640625000000004,4.414715719063545,142900,149500,0.0,1.1896431070678797,True,대덕전자
2026-05-13,356680,49,32,16.38679791546034,0.7407407407407408,20100,20250,-4.875621890547264,-5.323383084577114,True,엑스게이트
2026-05-13,402340,4,260,5.683836589698044,0.2514668901927913,1190000,1193000,-0.5882352941176471,-1.5966386554621848,True,SK스퀘어
2026-05-14,000720,28,168,5.351586807716235,0.5871990604815032,169300,170300,-1.06320141760189,-8.446544595392794,False,현대건설
2026-05-14,003230,30,1020,11.119691119691112,2.6387009472259813,1439000,1478000,0.9034051424600417,0.34746351633078526,False,삼양식품
2026-05-14,006340,40,24,6.5618591934381465,8.936915887850468,15590,17120,0.0,-9.044259140474663,False,대원전선
2026-05-14,009830,29,59,10.776361529548083,1.1375387797311272,47800,48350,-1.9874476987447698,-15.062761506276152,False,한화솔루션
2026-05-14,032830,39,426,7.843137254901955,1.345291479820628,330000,334500,0.6060606060606061,-6.0606060606060606,True,삼성생명
2026-05-14,034220,19,7,8.25688073394495,2.105934907466496,15340,15670,3.715775749674054,-8.083441981747066,False,LG디스플레이
2026-05-14,035420,24,175,5.707196029776673,1.3888888888888888,213000,216000,0.9389671361502347,-4.460093896713615,False,NAVER
2026-05-14,047040,15,18,12.60794473229707,0.0,32600,32600,1.5337423312883436,-12.576687116564417,False,대우건설
2026-05-14,047810,49,272,5.321100917431187,1.0344827586206897,172200,174000,-1.2195121951219512,-6.445993031358885,False,한국항공우주
2026-05-14,064400,7,34,17.14285714285715,2.6018099547511313,86100,88400,8.826945412311266,0.5807200929152149,False,LG씨엔에스
2026-05-14,066570,6,82,13.375130616509923,3.34075723830735,217000,224500,17.972350230414747,10.829493087557603,True,LG전자
2026-05-14,086520,46,216,5.407407407407416,0.0,142300,142300,-1.1946591707659873,-9.20590302178496,False,에코프로
2026-05-14,088350,32,3,10.24096385542168,6.9491525423728815,5490,5900,0.18214936247723132,-1.8214936247723135,False,한화생명
2026-05-14,196170,21,244,8.757062146892647,0.7731958762886598,385000,388000,2.987012987012987,-4.1558441558441555,False,알테오젠
2026-05-14,322000,12,136,15.094339622641506,4.6875,244000,256000,-1.4344262295081966,-19.34426229508197,True,HD현대에너지솔루션
2026-05-15,066570,4,48,10.829493087557607,9.75609756097561,240500,266500,3.5343035343035343,-9.771309771309772,True,LG전자
2026-05-15,067310,12,17,18.609865470852014,4.684684684684685,52900,55500,-2.6465028355387523,-7.466918714555766,True,하나마이크론
2026-05-15,080220,9,20,8.86243386243386,7.631874298540965,82300,89100,2.551640340218712,12.515188335358445,True,제주반도체
2026-05-15,084670,39,71,17.081850533807817,9.863013698630137,65800,73000,-2.8875379939209727,-22.9483282674772,False,동양고속
2026-05-15,454910,7,28,19.288389513108605,8.213256484149856,127400,138800,3.6891679748822606,-7.456828885400315,True,두산로보틱스
2026-05-18,000500,24,268,12.259970457902503,8.433734939759036,380000,415000,6.842105263157896,2.1052631578947367,False,가온전선
2026-05-18,006260,25,437,11.746031746031749,4.520795660036167,528000,553000,0.1893939393939394,2.462121212121212,True,LS
2026-05-18,027360,10,4,18.867924528301884,4.918949133594187,17010,17890,2.586713697824809,1.5873015873015872,False,아주IB투자
2026-05-18,080220,8,20,12.515188335358452,8.768472906403941,92600,101500,-2.0518358531317493,3.5637149028077757,True,제주반도체
2026-05-18,100790,12,16,22.768670309653928,0.5899705014749262,67400,67800,0.0,-9.792284866468842,True,미래에셋벤처투자
2026-05-18,178320,20,38,8.656716417910438,3.4482758620689653,72800,75400,-0.4120879120879121,-4.1208791208791204,True,서진시스템
2026-05-18,322000,36,231,7.72357723577235,2.9748283752860414,212000,218500,-4.245283018867925,-9.19811320754717,False,HD현대에너지솔루션
2026-05-18,347700,44,51,14.642857142857135,0.4136504653567736,48150,48350,2.907580477673936,-2.596053997923157,False,스피어
2026-05-19,290690,44,7,5.061082024432806,8.925869894099849,6020,6610,6.146179401993355,-17.774086378737543,True,소룩스
2026-05-19,356680,33,21,22.897800776196632,2.2130725681935153,19000,19430,-9.894736842105264,-13.368421052631579,False,엑스게이트
2026-05-19,440110,30,107,9.100101112234583,0.6445672191528545,107900,108600,0.9267840593141797,3.985171455050973,True,파두
2026-05-20,001820,25,81,23.004694835680752,2.2388059701492535,78600,80400,-4.325699745547073,-0.1272264631043257,True,삼화콘덴서
2026-05-20,005950,42,24,15.409836065573778,2.2222222222222223,14080,14400,-1.065340909090909,12.571022727272727,True,이수화학
2026-05-20,009150,3,117,7.497467071935149,4.06871609403255,1061000,1106000,6.974552309142319,13.477851083883131,True,삼성전기
2026-05-20,010170,9,8,6.264501160092806,8.4,22900,25000,5.021834061135371,0.8733624454148471,False,대한광통신
2026-05-20,253840,35,9,15.082956259426838,5.686032138442522,7630,8090,-3.4076015727391877,-8.650065530799477,False,수젠텍
2026-05-20,329180,12,293,6.35451505016722,1.088646967340591,636000,643000,1.5723270440251573,5.660377358490567,False,HD현대중공업
